{"meta_links": {"base_link": {}, "door1": {}, "glass1": {}, "door2": {}, "glass2": {}, "door3": {}, "glass3": {}, "door4": {}, "glass4": {}}, "link_tags": {"base_link": [], "door1": [], "glass1": ["glass"], "door2": [], "glass2": ["glass"], "door3": [], "glass3": ["glass"], "door4": [], "glass4": ["glass"]}, "object_parts": [], "base_link_offset": [0.0640034003946661, -0.0009949050377419566, -0.013927598924370224], "bbox_size": [0.43848878479003905, 0.8231314392089844, 1.9652116699218751], "orientations": [], "link_bounding_boxes": {"base_link": {"collision": {"axis_aligned": {"extent": [0.4068878242694174, 0.8231301729381908, 1.9652119258421492], "transform": [[1.0, 0.0, 0.0, 0.04820302411770738], [0.0, 1.0, 0.0, -0.0009951587320147226], [0.0, 0.0, 1.0, -0.013927768199667734], [0.0, 0.0, 0.0, 1.0]]}, "oriented": {"extent": [0.3577306890677029, 0.7999990234400005, 1.9499992423917218], "transform": [[-0.9996799922467273, 0.00943203097558238, -0.02347232185487241, 0.05000347336458526], [0.009186532240954677, 0.9999022003323912, 0.010545017583117034, -0.0007670376116283539], [0.02356948720207902, 0.01032601385424219, -0.9996688715324256, -0.014310578831674522], [0.0, 0.0, 0.0, 1.0]]}}, "visual": {"axis_aligned": {"extent": [0.4068878306152204, 0.8231311487690167, 1.9652116817830927], "transform": [[1.0, 0.0, 0.0, 0.048203033020984165], [0.0, 1.0, 0.0, -0.0009946721138325287], [0.0, 0.0, 1.0, -0.013927646170139474], [0.0, 0.0, 0.0, 1.0]]}, "oriented": {"extent": [0.35772998657364197, 0.7999982713028535, 1.94999902395465], "transform": [[0.9996799792215868, -0.009432675661131344, -0.023472617523396515, 0.05000355451702663], [-0.009187173950975595, -0.9999021944078631, 0.010545020300346599, -0.0007665531650177931], [-0.023569789526473848, -0.010325998654469539, -0.9996688645613936, -0.014310518480682126], [0.0, 0.0, 0.0, 1.0]]}}}, "door1": {"collision": {"axis_aligned": {"extent": [0.07751529929358725, 0.38728978998407193, 0.8818323217470037], "transform": [[1.0, 0.0, 0.0, 0.010262315180443987], [0.0, 1.0, 0.0, -0.1880606295655044], [0.0, 0.0, 1.0, 0.0017211443695867024], [0.0, 0.0, 0.0, 1.0]]}, "oriented": {"extent": [0.07391644470161521, 0.37800097656751247, 0.8779966944147377], "transform": [[-0.9996799847366356, 0.009432139587903031, -0.023472598061451345, 0.020508698121262256], [0.009186585464739392, 0.9999021763317337, 0.010547246776361477, -0.1883375672391189], [0.023569784989667934, 0.01032823846823557, -0.9996688415298757, 0.000991532032386664], [0.0, 0.0, 0.0, 1.0]]}}, "visual": {"axis_aligned": {"extent": [0.07751348658788615, 0.38730275964072014, 0.881832186784499], "transform": [[1.0, 0.0, 0.0, 0.010260917223274407], [0.0, 1.0, 0.0, -0.18805414602450077], [0.0, 0.0, 1.0, 0.0017213223718009485], [0.0, 0.0, 0.0, 1.0]]}, "oriented": {"extent": [0.07391361981944394, 0.37800001662104815, 0.877996269938353], "transform": [[0.9996800107364087, 0.00943074351239864, 0.023472051696798342, 0.02050729076710901], [-0.009185221047873933, 0.9999022006424687, -0.010546130316377448, -0.1883384900799128], [-0.023569213995284544, 0.010327159684621558, 0.9996688661374289, 0.0009918168123157893], [0.0, 0.0, 0.0, 1.0]]}}}, "glass1": {"collision": {"axis_aligned": {"extent": [0.024339076107396274, 0.26939240872626335, 0.7640975694111852], "transform": [[1.0, 0.0, 0.0, -4.5387251068618184e-07], [0.0, 1.0, 0.0, -4.803717112977779e-07], [0.0, 0.0, 1.0, -6.389146295360248e-08], [0.0, 0.0, 0.0, 1.0]]}, "oriented": {"extent": [0.004000000000001276, 0.2613505859399998, 0.7615576171899999], "transform": [[0.9996799983430081, -0.009432030975585174, -0.023472062214453582, -4.524398462398422e-07], [-0.009186534979746369, -0.9999022003323915, 0.010545015197158015, -4.803717119018113e-07], [-0.023569227564548528, -0.010326013854242056, -0.9996688776539423, -8.630864311163735e-09], [0.0, 0.0, 0.0, 1.0]]}}, "visual": {"axis_aligned": {"extent": [0.024339570576949576, 0.26939143097453844, 0.7640974372976334], "transform": [[1.0, 0.0, 0.0, -2.0377249976277767e-07], [0.0, 1.0, 0.0, 2.7313200590128872e-09], [0.0, 0.0, 1.0, -9.34306948474628e-09], [0.0, 0.0, 0.0, 1.0]]}, "oriented": {"extent": [0.004000487659624678, 0.26134960939925944, 0.7615574951265283], "transform": [[-0.9996799982594257, 0.009432035781160954, -0.02347206384316215, -2.0140182668290038e-07], [0.009186539769209027, 0.9999022002882302, 0.010545015212168172, 4.965500351454074e-09], [0.0235692292428777, 0.010326013740985273, -0.999668877615542, 5.164960443790855e-08], [0.0, 0.0, 0.0, 1.0]]}}}, "door2": {"collision": {"axis_aligned": {"extent": [0.0804169153937746, 0.38730374044388327, 0.8818357747768567], "transform": [[1.0, 0.0, 0.0, 0.015314490325705116], [0.0, 1.0, 0.0, 0.18781075692228338], [0.0, 0.0, 1.0, 0.005599211955841454], [0.0, 0.0, 0.0, 1.0]]}, "oriented": {"extent": [0.07391455078001397, 0.3780000000000006, 0.8779963989300004], "transform": [[0.9996799983430085, 0.009432030975544197, 0.02347206221445278, 0.024109386114991888], [-0.009186534979705395, 0.9999022003323917, -0.01054501519715784, 0.1875273518744772], [-0.023569227564547306, 0.010326013854242854, 0.9996688776539423, 0.004870860475779634], [0.0, 0.0, 0.0, 1.0]]}}, "visual": {"axis_aligned": {"extent": [0.08041690331759543, 0.38730177739330784, 0.8818329290461857], "transform": [[1.0, 0.0, 0.0, 0.015314507824732676], [0.0, 1.0, 0.0, 0.18781270783224496], [0.0, 0.0, 1.0, 0.0056010109938886], [0.0, 0.0, 0.0, 1.0]]}, "oriented": {"extent": [0.07391406250000099, 0.37800000000000405, 0.8779960937500011], "transform": [[-0.9996799983430082, 0.009432030975584465, -0.023472062214447146, 0.024109651565114732], [0.009186534979745734, 0.9999022003323915, 0.01054501519715552, 0.18752832062541355], [0.02356922756454206, 0.01032601385423964, -0.9996688776539423, 0.004871383433774365], [0.0, 0.0, 0.0, 1.0]]}}}, "glass2": {"collision": {"axis_aligned": {"extent": [0.024339587768026583, 0.26939143225166795, 0.7640983015785646], "transform": [[1.0, 0.0, 0.0, -3.077653061289709e-07], [0.0, 1.0, 0.0, -9.654970591910228e-07], [0.0, 0.0, 1.0, -5.267285159704649e-07], [0.0, 0.0, 0.0, 1.0]]}, "oriented": {"extent": [0.004000488280001202, 0.261350585930031, 0.7615576785245934], "transform": [[0.999679998343008, -0.00943202001235356, -0.02347206661992101, -3.085407151915129e-07], [-0.009186534979741035, -0.9999022052576003, 0.010544548167334501, -1.279104085571734e-06], [-0.023569227564547855, -0.010325546933398006, -0.9996688824768613, -4.942301381039722e-07], [0.0, 0.0, 0.0, 1.0]]}}, "visual": {"axis_aligned": {"extent": [0.02433958490312005, 0.269391430974542, 0.7640980474455327], "transform": [[1.0, 0.0, 0.0, 2.0246310805660528e-07], [0.0, 1.0, 0.0, 6.942455499370226e-10], [0.0, 0.0, 1.0, -3.498757089603899e-08], [0.0, 0.0, 0.0, 1.0]]}, "oriented": {"extent": [0.004000488279987412, 0.26134960938000107, 0.7615574951200005], "transform": [[0.9996799983430065, 0.009432030975671862, 0.02347206221448431, 2.02463090482317e-07], [-0.009186534979832725, 0.9999022003323906, -0.010545015197159363, -1.5485549137568618e-09], [-0.023569227564580162, 0.010326013854241083, 0.9996688776539416, -3.4987570459666295e-08], [0.0, 0.0, 0.0, 1.0]]}}}, "door3": {"collision": {"axis_aligned": {"extent": [0.07830087783584538, 0.3869541819548026, 0.8815921363245564], "transform": [[1.0, 0.0, 0.0, 0.012476595696660708], [0.0, 1.0, 0.0, -0.18876452666490257], [0.0, 0.0, 1.0, 0.001253040347289791], [0.0, 0.0, 0.0, 1.0]]}, "oriented": {"extent": [0.07421601811434461, 0.3780030575650958, 0.8779967204674396], "transform": [[0.9995303539460776, 0.009415886715704177, 0.029161834952311207, 0.024965332648791236], [-0.009123427658839296, 0.9999069095586275, -0.010145702768589789, -0.18904857738482472], [-0.029254651052144517, 0.009874881987733827, 0.9995232123855582, 0.0003431513273067988], [0.0, 0.0, 0.0, 1.0]]}}, "visual": {"axis_aligned": {"extent": [0.07842409866494116, 0.3869551552208179, 0.8815923294478998],