{"meta_links": {"base_link": {}}, "link_tags": {"base_link": []}, "object_parts": [], "base_link_offset": [-1.357818746328121e-08, 1.7049965883586538e-09, 0.002473964534662948], "bbox_size": [0.26647344970703124, 0.2664576416015625, 0.021293949127197266], "orientations": [], "link_bounding_boxes": {"base_link": {"collision": {"axis_aligned": {"extent": [0.26647656250000296, 0.26835314942, 0.022519146920000004], "transform": [[1.0, 0.0, 0.0, 0.0009374711630272259], [0.0, 1.0, 0.0, 9.46215300441644e-06], [0.0, 0.0, 1.0, 0.002148265205009628], [0.0, 0.0, 0.0, 1.0]]}, "oriented": {"extent": [0.022519146920000004, 0.26647656250000296, 0.26835314942], "transform": [[0.0, 1.0, -6.123233995736766e-17, 0.0009374711630272259], [-0.0, -6.123233995736766e-17, -1.0, 9.462153004402505e-06], [-1.0, -0.0, -0.0, 0.002148265205009629], [0.0, 0.0, 0.0, 1.0]]}}, "visual": {"axis_aligned": {"extent": [0.26647656249999585, 0.2664576416, 0.02129394912], "transform": [[1.0, 0.0, 0.0, -2.883697547417796e-08], [0.0, 1.0, 0.0, 1.7030044041632664e-09], [0.0, 0.0, 1.0, 0.0024739645350096272], [0.0, 0.0, 0.0, 1.0]]}, "oriented": {"extent": [0.021293971028073913, 0.2662407635199133, 0.26625413524232583], "transform": [[-2.776151354791872e-07, 0.3971841955838589, -0.9177389142769994, -2.6003836468713778e-08], [-5.35340482859481e-08, -0.9177389142770394, -0.3971841955838601, -2.693139334921597e-08], [-0.99999999999996, -6.113406491640682e-08, 2.760410909263442e-07, 0.002473956854017683], [0.0, 0.0, 0.0, 1.0]]}}}}}