{"meta_links": {"base_link": {}, "link_0": {}}, "link_tags": {"base_link": [], "link_0": []}, "object_parts": [], "base_link_offset": [0.01462977666263226, -0.0028867994873443535, -0.1855922276878312], "bbox_size": [0.7493091430664063, 1.0704356689453125, 0.5147601470947266], "orientations": [], "link_bounding_boxes": {"base_link": {"collision": {"axis_aligned": {"extent": [0.7610748378320948, 1.082200448735989, 0.5265161208034117], "transform": [[1.0, 0.0, 0.0, 0.014632820017877662], [0.0, 1.0, 0.0, -0.0028903458267279802], [0.0, 0.0, 1.0, -0.1855894827273152], [0.0, 0.0, 0.0, 1.0]]}, "oriented": {"extent": [0.5255800784952902, 0.7610742187500001, 1.0821992187499907], "transform": [[-0.0006909634184829064, 0.9999997612836168, -1.5045487701862842e-06, 0.014806234617194013], [0.000524847069176654, 1.8671991337888598e-06, 0.9999998622660242, -0.0030223695425396838], [0.9999996235524833, 0.0006909625336557553, -0.0005248482340533564, -0.1856544888246055], [0.0, 0.0, 0.0, 1.0]]}}, "visual": {"axis_aligned": {"extent": [0.7493089681541236, 1.0704326509243316, 0.5147601586326712], "transform": [[1.0, 0.0, 0.0, 0.014629782533582575], [0.0, 1.0, 0.0, -0.0028864376717407936], [0.0, 0.0, 1.0, -0.1855921843177133], [0.0, 0.0, 0.0, 1.0]]}, "oriented": {"extent": [0.5138054199200837, 0.7493000793499994, 1.0704258239711137], "transform": [[0.000690962824178943, -0.99999976128394, -1.5615634500907365e-06, 0.014803594687473656], [-0.0005248470691318135, -1.924213507606865e-06, 0.9999998622659161, -0.0030184632980064536], [-0.9999996235528938, -0.0006909619094278113, -0.0005248482734023886, -0.18565449273067713], [0.0, 0.0, 0.0, 1.0]]}}}, "link_0": {"collision": {"axis_aligned": {"extent": [0.4841890374531024, 0.8876737721185322, 0.14326309232173962], "transform": [[1.0, 0.0, 0.0, 0.0013025227335476952], [0.0, 1.0, 0.0, -0.0005050558404633421], [0.0, 0.0, 1.0, 0.0036151572315301084], [0.0, 0.0, 0.0, 1.0]]}, "oriented": {"extent": [0.14204894261421253, 0.48434226956189064, 0.8876718744754651], "transform": [[0.027707945396136958, -0.9996160611753163, -1.5068910040419566e-06, 0.0032547053931079777], [-0.0005245205035034473, -1.6046437116990955e-05, 0.9999998623103671, -0.0005409285142597569], [-0.9996159235627281, -0.027707940790644904, -0.0005247637335212497, -0.0020229317466389615], [0.0, 0.0, 0.0, 1.0]]}}, "visual": {"axis_aligned": {"extent": [0.4766783632189844, 0.8814608560673349, 0.13428686346976498], "transform": [[1.0, 0.0, 0.0, 0.0019410088593188046], [0.0, 1.0, 0.0, -0.0005032439620862306], [0.0, 0.0, 1.0, 0.002234384133655204], [0.0, 0.0, 0.0, 1.0]]}, "oriented": {"extent": [0.13380303954999995, 0.47668261718000005, 0.8814609375000049], "transform": [[0.0006909628242400881, 0.9999997612840275, 1.50454876825921e-06, 0.0019845021372540714], [-0.0005248470691778579, 1.8671988199751744e-06, -0.9999998622660242, -0.0005387820719327038], [-0.9999996235528938, 0.0006909619394130197, 0.0005248482340534493, 0.0020803198973786295], [0.0, 0.0, 0.0, 1.0]]}}}}}