{"meta_links": {"base_link": {}}, "link_tags": {"base_link": []}, "object_parts": [], "base_link_offset": [-0.029398318059374207, 0.014579031111915608, -6.250278072883475e-13], "bbox_size": [1.5070915527343751, 1.973894287109375, 0.3], "orientations": [], "link_bounding_boxes": {"base_link": {"collision": {"axis_aligned": {"extent": [1.50709155273, 1.97389440918, 0.30000000000000004], "transform": [[1.0, 0.0, 0.0, -0.02939831806093679], [0.0, 1.0, 0.0, 0.014578970080353026], [0.0, 0.0, 1.0, -2.7755575615628914e-17], [0.0, 0.0, 0.0, 1.0]]}, "oriented": {"extent": [0.30000000000000004, 1.50709155273, 1.97389440918], "transform": [[-0.0, -1.0, 1.8369701987210297e-16, -0.029398318060936842], [0.0, 1.8369701987210297e-16, 1.0, 0.014578970080353143], [-1.0, -0.0, -0.0, -2.7755575615628914e-17], [0.0, 0.0, 0.0, 1.0]]}}, "visual": {"axis_aligned": {"extent": [1.50709155273, 1.9738942871099998, 0.30000000000000004], "transform": [[1.0, 0.0, 0.0, -0.02939831806093679], [0.0, 1.0, 0.0, 0.01457903111535308], [0.0, 0.0, 1.0, -2.7755575615628914e-17], [0.0, 0.0, 0.0, 1.0]]}, "oriented": {"extent": [0.30000000000000004, 1.50709155273, 1.9738942871099998], "transform": [[0.0, 1.0, -6.123233995736766e-17, -0.029398318060936623], [-0.0, -6.123233995736766e-17, -1.0, 0.014579031115353082], [-1.0, -0.0, -0.0, -2.7755575615628914e-17], [0.0, 0.0, 0.0, 1.0]]}}}}}