{"meta_links": {"base_link": {}}, "link_tags": {"base_link": []}, "object_parts": [], "base_link_offset": [-0.0008149571501456313, 0.0005177572255777268, -6.166127936761929e-08], "bbox_size": [0.09355368804931641, 0.09193106079101562, 0.1149532699584961], "orientations": [], "link_bounding_boxes": {"base_link": {"collision": {"axis_aligned": {"extent": [0.09456149799469049, 0.09315817602068133, 0.11622216794694296], "transform": [[1.0, 0.0, 0.0, -0.0009024616163322285], [0.0, 1.0, 0.0, 0.0005202138399107992], [0.0, 0.0, 1.0, 1.487193083626881e-06], [0.0, 0.0, 0.0, 1.0]]}, "oriented": {"extent": [0.09294056359849519, 0.0929491706741572, 0.11622216840464455], "transform": [[0.073312555837539, -0.9973090138598181, 5.52490452659541e-06, -0.001625947533321537], [-0.9973090138676802, -0.07331255581446622, 4.269216691750575e-06, 0.0005122377898015668], [-3.852683417328018e-06, -5.823024272228468e-06, -0.9999999999756246, 1.6635088054008784e-06], [0.0, 0.0, 0.0, 1.0]]}}, "visual": {"axis_aligned": {"extent": [0.09355371268389412, 0.09193102716694329, 0.11495327138125389], "transform": [[1.0, 0.0, 0.0, -0.0008155338565458692], [0.0, 1.0, 0.0, 0.0005177266572463923], [0.0, 0.0, 1.0, -2.4202703230447042e-08], [0.0, 0.0, 0.0, 1.0]]}, "oriented": {"extent": [0.09168612828093939, 0.09168929810234694, 0.11495560003734323], "transform": [[0.9973133182561709, 0.07325397422942412, 2.2101138785637053e-05, -0.0016264477460300993], [0.07325397450985809, -0.9973133184063686, -1.2156746985669997e-05, 0.0005158926210507134], [2.115123003246148e-05, 1.374308193272114e-05, -0.9999999996818765, -1.542795528909723e-07], [0.0, 0.0, 0.0, 1.0]]}}}}}