{"meta_links": {"base_link": {}}, "link_tags": {"base_link": []}, "object_parts": [], "base_link_offset": [1.0584429022131303e-07, -1.2207389099572197e-07, 1.7969237209314315e-12], "bbox_size": [1.9401766357421875, 1.9738946533203126, 0.2999999389648438], "orientations": [], "link_bounding_boxes": {"base_link": {"collision": {"axis_aligned": {"extent": [1.9401762695400002, 1.9738945312499998, 0.29999993896000005], "transform": [[1.0, 0.0, 0.0, 1.6687882142818466e-07], [0.0, 1.0, 0.0, -6.10349849550218e-08], [0.0, 0.0, 1.0, 2.7755575615628914e-17], [0.0, 0.0, 0.0, 1.0]]}, "oriented": {"extent": [0.29999993896000016, 1.9401762695400002, 1.9738945312499998], "transform": [[6.123233995736766e-17, 1.0, -1.1248198369963932e-32, 1.6687882142818466e-07], [-1.8369701987210297e-16, -0.0, -1.0, -6.10349849550218e-08], [-1.0, 6.123233995736766e-17, 1.8369701987210297e-16, 2.775559704595448e-17], [0.0, 0.0, 0.0, 1.0]]}}, "visual": {"axis_aligned": {"extent": [1.94017651368, 1.97389465332, 0.29999993896000005], "transform": [[1.0, 0.0, 0.0, 4.4808821542119404e-08], [0.0, 1.0, 0.0, -1.2206998500907673e-07], [0.0, 0.0, 1.0, 2.7755575615628914e-17], [0.0, 0.0, 0.0, 1.0]]}, "oriented": {"extent": [0.29999993896000005, 1.94017651368, 1.97389465332], "transform": [[0.0, 1.0, -6.123233995736766e-17, 4.48088215421194e-08], [-0.0, -6.123233995736766e-17, -1.0, -1.2206998500907673e-07], [-1.0, -0.0, -0.0, 2.7755575615628914e-17], [0.0, 0.0, 0.0, 1.0]]}}}}}