{"meta_links": {"base_link": {"togglebutton": {"0": [{"position": [-0.09143535986944595, -0.037876717607787214, -0.017739962132044873], "orientation": [0.0, 0.0, 0.0, 1.0], "type": "sphere", "size": [0.009291721343994142, 0.009291721343994142, 0.009291721343994142]}]}}}, "link_tags": {"base_link": []}, "object_parts": [], "base_link_offset": [1.6518493040074134e-06, -3.7483435022522826e-07, 0.001440213649204658], "bbox_size": [0.20470703125, 0.204706298828125, 0.0434423828125], "orientations": [], "link_bounding_boxes": {"base_link": {"collision": {"axis_aligned": {"extent": [0.20676733399000025, 0.20683984375999742, 0.04566674804999993], "transform": [[1.0, 0.0, 0.0, 9.820946617900006e-05], [0.0, 1.0, 0.0, 8.617301721081105e-05], [0.0, 0.0, 1.0, 0.0016012243917049584], [0.0, 0.0, 0.0, 1.0]]}, "oriented": {"extent": [0.04566521201935256, 0.20302571706798053, 0.20302723314004364], "transform": [[4.09492592772024e-05, -0.19503434185829158, -0.9807964130333375, -5.8893679526981064e-06], [3.212864078158466e-05, -0.9807964130928486, 0.19503434321152935, 1.2110825064600109e-06], [-0.9999999986454542, -3.9498167522342644e-05, -3.389669830825134e-05, 0.0016019622358271098], [0.0, 0.0, 0.0, 1.0]]}}, "visual": {"axis_aligned": {"extent": [0.2047070312499999, 0.20470507811999994, 0.04344238281000079], "transform": [[1.0, 0.0, 0.0, 1.6518461789516437e-06], [0.0, 1.0, 0.0, -7.410427897980298e-07], [0.0, 0.0, 1.0, 0.0014402136517051023], [0.0, 0.0, 0.0, 1.0]]}, "oriented": {"extent": [0.04344238281000079, 0.20077547711590396, 0.20078890641403452], "transform": [[-4.811670255992379e-17, -0.19499821144586046, -0.9808035978384843, -7.431377447589601e-07], [-7.199709610858699e-17, 0.9808035978384844, -0.19499821144586046, -9.745067476487459e-07], [1.0, 6.123233995736767e-17, -6.123233995736766e-17, 0.0014402136517050988], [0.0, 0.0, 0.0, 1.0]]}}}}}