{"meta_links": {"base_link": {}}, "link_tags": {"base_link": ["glass"]}, "object_parts": [], "base_link_offset": [-3.552713678800501e-15, -1.2501111257279263e-12, -2.8126390105853716e-12], "bbox_size": [0.01, 1.8410009765625, 2.943000244140625], "orientations": [], "link_bounding_boxes": {"base_link": {"collision": {"axis_aligned": {"extent": [0.009999999999999787, 1.8410009765599997, 2.9430002441400003], "transform": [[1.0, 0.0, 0.0, -2.6645352591003757e-15], [0.0, 1.0, 0.0, -2.220446049250313e-16], [0.0, 0.0, 1.0, -2.220446049250313e-16], [0.0, 0.0, 0.0, 1.0]]}, "oriented": {"extent": [0.009999999999999787, 1.8410009765599997, 2.9430002441400003], "transform": [[-1.0, 1.8369701987210297e-16, -0.0, -2.6645352591003757e-15], [1.8369701987210297e-16, 1.0, 0.0, -2.2204460492503082e-16], [-0.0, -0.0, -1.0, -2.220446049250313e-16], [0.0, 0.0, 0.0, 1.0]]}}, "visual": {"axis_aligned": {"extent": [0.009999999999999787, 1.8410009765599997, 2.9430002441400003], "transform": [[1.0, 0.0, 0.0, -2.6645352591003757e-15], [0.0, 1.0, 0.0, -2.220446049250313e-16], [0.0, 0.0, 1.0, -2.220446049250313e-16], [0.0, 0.0, 0.0, 1.0]]}, "oriented": {"extent": [0.009999999999999787, 1.8410009765599997, 2.9430002441400003], "transform": [[-1.0, 1.8369701987210297e-16, -0.0, -2.6645352591003757e-15], [1.8369701987210297e-16, 1.0, 0.0, -2.2204460492503082e-16], [-0.0, -0.0, -1.0, -2.220446049250313e-16], [0.0, 0.0, 0.0, 1.0]]}}}}}