{"meta_links": {"base_link": {"lights": {"0": [{"type": 2, "length": 0.025, "width": 0.01, "color": [255.0, 255.0, 255.0], "intensity": 1000.0, "position": [3.068082846080511e-05, -7.221327434692171e-06, -0.07051162997590454], "orientation": [0.0, 0.0, 0.0, 1.0]}]}}}, "link_tags": {"base_link": []}, "object_parts": [], "base_link_offset": [3.04672054139421e-05, -7.221327434692171e-06, 0.3206738863815173], "bbox_size": [0.3620470581054688, 0.36202554321289065, 0.8560476684570313], "orientations": [], "link_bounding_boxes": {"base_link": {"collision": {"axis_aligned": {"extent": [0.36773876953000006, 0.36773925781000116, 0.8620759277299999], "transform": [[1.0, 0.0, 0.0, -0.00013792879302350347], [0.0, 1.0, 0.0, -0.00016493617243362735], [0.0, 0.0, 1.0, 0.3206737948259708], [0.0, 0.0, 0.0, 1.0]]}, "oriented": {"extent": [0.3746193416911562, 0.37611516627987207, 0.8620759277299999], "transform": [[0.4961427249289253, 0.868240978358025, 3.03799800002227e-17, -0.0005090263288476853], [-0.868240978358025, 0.49614272492892536, -5.3164426751736085e-17, 0.00048447794044268036], [-6.123233995736765e-17, 0.0, 1.0, 0.3206737948259708], [0.0, 0.0, 0.0, 1.0]]}}, "visual": {"axis_aligned": {"extent": [0.36204708862000007, 0.3620253906200013, 0.8560476074199999], "transform": [[1.0, 0.0, 0.0, 3.048246197648319e-05], [0.0, 1.0, 0.0, -7.221327434692171e-06], [0.0, 0.0, 1.0, 0.3206737948309706], [0.0, 0.0, 0.0, 1.0]]}, "oriented": {"extent": [0.3616949453466463, 0.36169545947046333, 0.8560476074199999], "transform": [[0.8871911069255843, -0.4614021454134739, 0.0, 3.04426965464995e-05], [-0.4614021454134739, -0.8871911069255842, -0.0, -7.224452835399065e-06], [-0.0, -0.0, -1.0, 0.3206737948309706], [0.0, 0.0, 0.0, 1.0]]}}}}}