{"meta_links": {"base_link": {}}, "link_tags": {"base_link": []}, "object_parts": [], "base_link_offset": [-2.5011104298755527e-12, -1.2505552149377763e-12, 8.203160373199125e-13], "bbox_size": [0.915349609375, 1.1370673828125, 0.30001010131835937], "orientations": [], "link_bounding_boxes": {"base_link": {"collision": {"axis_aligned": {"extent": [0.9153496093799998, 1.1370673828099997, 0.30001010132], "transform": [[1.0, 0.0, 0.0, -8.881784197001252e-16], [0.0, 1.0, 0.0, -4.440892098500626e-16], [0.0, 0.0, 1.0, 0.0], [0.0, 0.0, 0.0, 1.0]]}, "oriented": {"extent": [0.30001010132, 0.9153496093799998, 1.1370673828099997], "transform": [[-0.0, -1.0, 1.8369701987210297e-16, -8.881784197001252e-16], [0.0, 1.8369701987210297e-16, 1.0, -4.4408920985006247e-16], [-1.0, -0.0, -0.0, -0.0], [0.0, 0.0, 0.0, 1.0]]}}, "visual": {"axis_aligned": {"extent": [0.9153496093799998, 1.1370673828099997, 0.30001010132], "transform": [[1.0, 0.0, 0.0, -8.881784197001252e-16], [0.0, 1.0, 0.0, -4.440892098500626e-16], [0.0, 0.0, 1.0, 0.0], [0.0, 0.0, 0.0, 1.0]]}, "oriented": {"extent": [0.30001010132, 0.9153496093799998, 1.1370673828099997], "transform": [[-0.0, -1.0, 1.8369701987210297e-16, -8.881784197001252e-16], [0.0, 1.8369701987210297e-16, 1.0, -4.4408920985006247e-16], [-1.0, -0.0, -0.0, -0.0], [0.0, 0.0, 0.0, 1.0]]}}}}}