{"meta_links": {"base_link": {}}, "link_tags": {"base_link": []}, "object_parts": [], "base_link_offset": [0.19220063151293937, 7.883742653147997e-08, 0.07418597273587729], "bbox_size": [0.4117722625732422, 1.1261577758789063, 2.935249755859375], "orientations": [], "link_bounding_boxes": {"base_link": {"collision": {"axis_aligned": {"extent": [0.043451316784036464, 1.1261596790432389, 2.7868783821253356], "transform": [[1.0, 0.0, 0.0, 0.008040263753164467], [0.0, 1.0, 0.0, -3.907950384629544e-06], [0.0, 0.0, 1.0, 1.494904643073447e-06], [0.0, 0.0, 0.0, 1.0]]}, "oriented": {"extent": [0.04345059193185669, 1.1261562500009252, 2.786877019267094], "transform": [[-0.9999999999995913, 5.057630401826531e-07, -7.496151728258388e-07, 0.008040661085610532], [-5.057639592779511e-07, -0.9999999999991205, 1.2260898252531075e-06, -3.90300377496628e-06], [-7.49614552714262e-07, 1.226090204380944e-06, 0.9999999999989675, 1.5022362272029764e-06], [0.0, 0.0, 0.0, 1.0]]}}, "visual": {"axis_aligned": {"extent": [0.04344993322081425, 1.1261577259144815, 2.7868778938347454], "transform": [[1.0, 0.0, 0.0, 0.008039978971723816], [0.0, 1.0, 0.0, -1.7058887635812425e-09], [0.0, 0.0, 1.0, 3.005919269050139e-08], [0.0, 0.0, 0.0, 1.0]]}, "oriented": {"extent": [0.04344979511822815, 1.1261562603580928, 2.786877303476848], "transform": [[-0.9999999999999962, 7.218140264115602e-08, -4.878357918180022e-08, 0.008040018541119399], [-7.218142826515876e-08, -0.9999999999998596, 5.252589711164506e-07, -9.999314903959371e-10], [-4.878354126786408e-08, 5.25258974637717e-07, 0.999999999999861, 3.0536311297233324e-08], [0.0, 0.0, 0.0, 1.0]]}}}}}