{"meta_links": {"base_link": {}}, "link_tags": {"base_link": []}, "object_parts": [], "base_link_offset": [-0.028049297949688246, 0.024655188901935077, 0.09293928388941164], "bbox_size": [0.159787109375, 1.9708466796875, 2.9], "orientations": [], "link_bounding_boxes": {"base_link": {"collision": {"axis_aligned": {"extent": [0.15978710937000073, 1.9708476562599984, 2.8999999999999995], "transform": [[1.0, 0.0, 0.0, -0.02804832138593838], [0.0, 1.0, 0.0, 0.024657630308183798], [0.0, 0.0, 1.0, 0.09293940595847394], [0.0, 0.0, 0.0, 1.0]]}, "oriented": {"extent": [0.15978710937000073, 1.9708476562599984, 2.8999999999999995], "transform": [[-1.0, 1.8369701987210297e-16, -0.0, -0.028048321385938376], [1.8369701987210297e-16, 1.0, 0.0, 0.0246576303081838], [-0.0, -0.0, -1.0, 0.09293940595847383], [0.0, 0.0, 0.0, 1.0]]}}, "visual": {"axis_aligned": {"extent": [0.15978710936999985, 1.970847656250001, 2.90000012207], "transform": [[1.0, 0.0, 0.0, -0.028048809665938368], [0.0, 1.0, 0.0, 0.0246556771831834], [0.0, 0.0, 1.0, 0.09293934492347389], [0.0, 0.0, 0.0, 1.0]]}, "oriented": {"extent": [0.16376847059348976, 1.9708430976793594, 2.90000012207], "transform": [[-0.9999976859340148, -0.0021513081172783934, -1.3172962999023516e-19, -0.028178263912157244], [-0.0021513081172783934, 0.9999976859340148, 6.123219826169257e-17, 0.02482727368656952], [-0.0, 6.123233995736766e-17, -1.0, 0.09293934492347389], [0.0, 0.0, 0.0, 1.0]]}}}}}