{"meta_links": {"base_link": {}}, "link_tags": {"base_link": []}, "object_parts": [], "base_link_offset": [3.748573451645143e-09, 0.0007796248802267591, 0.08846161795978902], "bbox_size": [0.109592041015625, 0.689591796875, 2.4], "orientations": [], "link_bounding_boxes": {"base_link": {"collision": {"axis_aligned": {"extent": [0.10959179686999931, 0.6895917968800003, 2.4], "transform": [[1.0, 0.0, 0.0, 3.748573451645143e-09], [0.0, 1.0, 0.0, 0.0007796248808515926], [0.0, 0.0, 1.0, 0.08846174003010154], [0.0, 0.0, 0.0, 1.0]]}, "oriented": {"extent": [0.10959179686999936, 0.6895917968800003, 2.4], "transform": [[1.0, 6.123233995736766e-17, -1.2246467991473532e-16, 3.748573309020458e-09], [-6.123233995736767e-17, 1.0, -6.123233995736765e-17, 0.0007796248808515317], [1.2246467991473532e-16, 6.123233995736766e-17, 1.0, 0.08846174003010154], [0.0, 0.0, 0.0, 1.0]]}}, "visual": {"axis_aligned": {"extent": [0.10959179686999931, 0.6895917968800007, 2.40000012207], "transform": [[1.0, 0.0, 0.0, 3.748573451645143e-09], [0.0, 1.0, 0.0, 0.0007798690208515868], [0.0, 0.0, 1.0, 0.08846167899510149], [0.0, 0.0, 0.0, 1.0]]}, "oriented": {"extent": [0.10959179686999931, 0.6895917968800007, 2.40000012207], "transform": [[-1.0, 1.8369701987210297e-16, -0.0, 3.748573451788402e-09], [1.8369701987210297e-16, 1.0, 0.0, 0.0007798690208515868], [-0.0, -0.0, -1.0, 0.08846167899510138], [0.0, 0.0, 0.0, 1.0]]}}}}}