{"meta_links": {"base_link": {}}, "link_tags": {"base_link": []}, "object_parts": [], "base_link_offset": [5.510557654631043e-08, 2.2478835592920632e-07, 0.08836857303074575], "bbox_size": [2.2995919189453127, 0.13959228515625, 2.4], "orientations": [], "link_bounding_boxes": {"base_link": {"collision": {"axis_aligned": {"extent": [2.29959179687, 0.13959179686999956, 2.4000000000000004], "transform": [[1.0, 0.0, 0.0, -5.930204993731536e-09], [0.0, 1.0, 0.0, -1.9349769342369427e-08], [0.0, 0.0, 1.0, 0.0883685730301208], [0.0, 0.0, 0.0, 1.0]]}, "oriented": {"extent": [0.13959179686999956, 2.29959179687, 2.4000000000000004], "transform": [[1.2246467991473532e-16, 1.0, 0.0, -5.9302049937315385e-09], [1.0, -1.2246467991473532e-16, 0.0, -1.9349769342369427e-08], [-0.0, -0.0, -1.0, 0.08836857303012091], [0.0, 0.0, 0.0, 1.0]]}}, "visual": {"axis_aligned": {"extent": [2.29959191894, 0.13959228515, 2.4000000000000004], "transform": [[1.0, 0.0, 0.0, 5.5104794949301095e-08], [0.0, 1.0, 0.0, 2.247902308738503e-07], [0.0, 0.0, 1.0, 0.0883685730301208], [0.0, 0.0, 0.0, 1.0]]}, "oriented": {"extent": [0.13959228515, 2.29959191894, 2.4000000000000004], "transform": [[-7.498798913309288e-33, 1.0, -6.123233995736766e-17, 5.510479494389008e-08], [-1.0, -0.0, 1.2246467991473532e-16, 2.2479023102345022e-07], [1.2246467991473532e-16, 6.123233995736766e-17, 1.0, 0.08836857303012091], [0.0, 0.0, 0.0, 1.0]]}}}}}