{"meta_links": {"base_link": {}}, "link_tags": {"base_link": []}, "object_parts": [], "base_link_offset": [-6.419248066436012e-07, -1.9608618728739202e-08, 0.08789102632655021], "bbox_size": [5.639591796875, 0.13959228515625, 2.4], "orientations": [], "link_bounding_boxes": {"base_link": {"collision": {"axis_aligned": {"extent": [5.63959179688, 0.13959228514999955, 2.39999987793], "transform": [[1.0, 0.0, 0.0, -6.419248057554228e-07], [0.0, 1.0, 0.0, -1.9609868617820325e-08], [0.0, 0.0, 1.0, 0.08789096529123774], [0.0, 0.0, 0.0, 1.0]]}, "oriented": {"extent": [0.13959228514999955, 2.39999987793, 5.63959179688], "transform": [[-1.2246467991473532e-16, -0.0, -1.0, -6.419248057554228e-07], [-1.0, -0.0, 1.2246467991473532e-16, -1.9609868617820246e-08], [0.0, 1.0, 0.0, 0.08789096529123785], [0.0, 0.0, 0.0, 1.0]]}}, "visual": {"axis_aligned": {"extent": [5.63959179688, 0.13959228514999955, 2.39999987793], "transform": [[1.0, 0.0, 0.0, -6.419248057554228e-07], [0.0, 1.0, 0.0, -1.9609868617820325e-08], [0.0, 0.0, 1.0, 0.08789096529123774], [0.0, 0.0, 0.0, 1.0]]}, "oriented": {"extent": [0.13959228514999955, 2.39999987793, 5.63959179688], "transform": [[0.0, 0.0, 1.0, -6.419248057554228e-07], [1.0, 0.0, 0.0, -1.9609868617820325e-08], [0.0, 1.0, 0.0, 0.08789096529123785], [0.0, 0.0, 0.0, 1.0]]}}}}}