{"meta_links": {"base_link": {}}, "link_tags": {"base_link": []}, "object_parts": [], "base_link_offset": [-6.103124716716479e-08, -5.599327401739629e-08, 0.0], "bbox_size": [0.76500048828125, 2.30499951171875, 0.3], "orientations": [], "link_bounding_boxes": {"base_link": {"collision": {"axis_aligned": {"extent": [0.7649999999999997, 2.304999999999999, 0.3], "transform": [[1.0, 0.0, 0.0, -6.103499705645277e-08], [0.0, 1.0, 0.0, -3.0013140017715045e-07], [0.0, 0.0, 1.0, 0.0], [0.0, 0.0, 0.0, 1.0]]}, "oriented": {"extent": [0.30000000000000016, 0.7649999999999998, 2.304999999999999], "transform": [[6.123233995736766e-17, 1.0, -6.123233995736766e-17, -6.103499705645278e-08], [6.123233995736766e-17, -6.123233995736766e-17, -1.0, -3.0013140017715045e-07], [-1.0, 6.123233995736766e-17, -6.123233995736766e-17, -2.2115063616585684e-23], [0.0, 0.0, 0.0, 1.0]]}}, "visual": {"axis_aligned": {"extent": [0.7650004882799997, 2.3049995117199993, 0.3], "transform": [[1.0, 0.0, 0.0, -6.103499727849737e-08], [0.0, 1.0, 0.0, -5.599140040501993e-08], [0.0, 0.0, 1.0, 0.0], [0.0, 0.0, 0.0, 1.0]]}, "oriented": {"extent": [0.3, 0.7650004882799997, 2.3049995117199993], "transform": [[-0.0, -1.0, 1.8369701987210297e-16, -6.103499727849738e-08], [0.0, 1.8369701987210297e-16, 1.0, -5.599140040501992e-08], [-1.0, -0.0, -0.0, -0.0], [0.0, 0.0, 0.0, 1.0]]}}}}}