{"meta_links": {"base_link": {}}, "link_tags": {"base_link": []}, "object_parts": [], "base_link_offset": [-9.715388049613694e-08, -2.314368013900392e-08, 0.08774470685473146], "bbox_size": [3.8395908203125, 0.149592041015625, 2.4], "orientations": [], "link_bounding_boxes": {"base_link": {"collision": {"axis_aligned": {"extent": [3.83959130859, 0.14959204102, 2.4000000000000004], "transform": [[1.0, 0.0, 0.0, 1.4698486960895707e-07], [0.0, 1.0, 0.0, -2.3143836402894635e-08], [0.0, 0.0, 1.0, 0.08774470685410662], [0.0, 0.0, 0.0, 1.0]]}, "oriented": {"extent": [0.14959204102, 2.4000000000000004, 3.83959130859], "transform": [[-1.2246467991473532e-16, -0.0, -1.0, 1.4698486960895707e-07], [-1.0, -0.0, 1.2246467991473532e-16, -2.3143836402894652e-08], [0.0, 1.0, 0.0, 0.08774470685410662], [0.0, 0.0, 0.0, 1.0]]}}, "visual": {"axis_aligned": {"extent": [3.8395908203100007, 0.14959204102, 2.4000000000000004], "transform": [[1.0, 0.0, 0.0, -9.715513016317345e-08], [0.0, 1.0, 0.0, -2.3143836402894635e-08], [0.0, 0.0, 1.0, 0.08774470685410662], [0.0, 0.0, 0.0, 1.0]]}, "oriented": {"extent": [0.14959204102, 2.4000000000000004, 3.8395908203100007], "transform": [[-1.2246467991473532e-16, -0.0, -1.0, -9.715513016317345e-08], [-1.0, -0.0, 1.2246467991473532e-16, -2.314383616697223e-08], [0.0, 1.0, 0.0, 0.08774470685410662], [0.0, 0.0, 0.0, 1.0]]}}}}}