{"meta_links": {"base_link": {"heatsource": {"first": [{"position": [0.11010759016609073, 0.10919063658243133, 0.1626609680320785], "orientation": [0.044319802769718246, 0.04476801550450979, 0.7040270427719428, 0.707373665693058]}], "second": [{"position": [-0.025533087808765474, 0.10982630566649092, 0.17985464679433644], "orientation": [0.044319802769718246, 0.04476801550450979, 0.7040270427719428, 0.707373665693058]}], "third": [{"position": [0.04406068320387249, -0.071306735445133, 0.1710949751750851], "orientation": [0.044319802769718246, 0.04476801550450979, 0.7040270427719428, 0.707373665693058]}], "fourth": [{"position": [0.10832629207293065, -0.2734613012050291, 0.16301771429456063], "orientation": [0.044319802769718246, 0.04476801550450979, 0.7040270427719428, 0.707373665693058]}], "fifth": [{"position": [-0.03026721510391974, -0.27967091036376646, 0.18058205410887693], "orientation": [0.044319802769718246, 0.04476801550450979, 0.7040270427719428, 0.707373665693058]}]}, "togglebutton": {"fifth": [{"position": [0.19307620140930395, -0.32448955225602316, 0.10649218341668082], "orientation": [0.044319802769718246, 0.04476801550450979, 0.7040270427719428, 0.707373665693058], "type": "sphere", "size": [0.012539258073093891, 0.012539258073093891, 0.012539258073093891]}], "first": [{"position": [0.19593584352185273, 0.28894101929035243, 0.10592391108929512], "orientation": [0.044319802769718246, 0.04476801550450979, 0.7040270427719428, 0.707373665693058], "type": "sphere", "size": [0.012539258073093891, 0.012539258073093891, 0.012539258073093891]}], "fourth": [{"position": [0.193326540797461, -0.2676776262094853, 0.1064393319005874], "orientation": [0.044319802769718246, 0.04476801550450979, 0.7040270427719428, 0.707373665693058], "type": "sphere", "size": [0.012539258073093891, 0.012539258073093891, 0.012539258073093891]}], "second": [{"position": [0.1956540526154326, 0.2281291989952573, 0.10598111308688446], "orientation": [0.044319802769718246, 0.04476801550450979, 0.7040270427719428, 0.707373665693058], "type": "sphere", "size": [0.012539258073093891, 0.012539258073093891, 0.012539258073093891]}], "third": [{"position": [0.19454475698219295, -0.012774398407350361, 0.10619997561654008], "orientation": [0.044319802769718246, 0.04476801550450979, 0.7040270427719428, 0.707373665693058], "type": "sphere", "size": [0.012539258073093891, 0.012539258073093891, 0.012539258073093891]}]}}, "link_0": {}, "link_1": {}, "link_2": {}}, "link_tags": {"base_link": [], "link_0": ["openable"], "link_1": ["openable"], "link_2": ["openable"]}, "object_parts": [], "base_link_offset": [0.009657597989394376, 0.0043011202037937825, -0.021051879271680014], "bbox_size": [0.4127846374511719, 0.7637018737792969, 0.5630960998535156], "orientations": [], "link_bounding_boxes": {"base_link": {"collision": {"axis_aligned": {"extent": [0.4128029785482621, 0.7640582838862997, 0.5636278720265953], "transform": [[1.0, 0.0, 0.0, 0.009664617807962905], [0.0, 1.0, 0.0, 0.0041079344070169554], [0.0, 0.0, 1.0, -0.021115169547827328], [0.0, 0.0, 0.0, 1.0]]}, "oriented": {"extent": [0.35610935001646765, 0.5430160466866862, 0.7625000000000076], "transform": [[0.9920524279998039, 0.12573799821244364, -0.004683578249750729, 0.015797072811538086], [-0.004763437998435891, 0.00033446834763798446, -0.9999885988296866, 0.004090418178111578], [-0.1257349981434329, 0.9920634273757157, 0.0009307552948957632, -0.01539961090491174], [0.0, 0.0, 0.0, 1.0]]}}, "visual": {"axis_aligned": {"extent": [0.4127850116577534, 0.7636687177619592, 0.563095519500008], "transform": [[1.0, 0.0, 0.0, 0.009657436861266078], [0.0, 1.0, 0.0, 0.0043184150866579785], [0.0, 0.0, 1.0, -0.02105202228395253], [0.0, 0.0, 0.0, 1.0]]}, "oriented": {"extent": [0.35610839844000014, 0.5426572265600003, 0.7619999999999926], "transform": [[-0.9920521594271451, 0.12574011718905378, 0.004683578249749588, 0.015805318807386413], [0.004763438712832383, 0.00033445817315970916, 0.9999885988296864, 0.004246801278256993], [0.1257371171435372, 0.9920631588094649, -0.0009307552948955664, -0.015217030132870719], [0.0, 0.0, 0.0, 1.0]]}}}, "link_0": {"collision": {"axis_aligned": {"extent": [0.07271953616960047, 0.1952097669163777, 0.3063558572892049], "transform": [[1.0, 0.0, 0.0, 0.0307954143642602], [0.0, 1.0, 0.0, -0.0033705449607092097], [0.0, 0.0, 1.0, 0.14743490855866287], [0.0, 0.0, 0.0, 1.0]]}, "oriented": {"extent": [0.0360683593699982, 0.19509375000004758, 0.30734082030999926], "transform": [[-0.9920521594271475, 0.004683578249720221, -0.12574011718903452, 0.03120408862711366], [0.004763438712802316, 0.9999885988296866, -0.0003344581731561914, -0.003432251029585361], [0.12573711714351798, -0.0009307552948882056, -0.9920631588094674, 0.14580609717269558], [0.0, 0.0, 0.0, 1.0]]}}, "visual": {"axis_aligned": {"extent": [0.07362379081284143, 0.19522538708650927, 0.3063547511471185], "transform": [[1.0, 0.0, 0.0, 0.03034258901770054], [0.0, 1.0, 0.0, -0.0033626620800285556], [0.0, 0.0, 1.0, 0.14743147607416002], [0.0, 0.0, 0.0, 1.0]]}, "oriented": {"extent": [0.03606738281024491, 0.19507812500000682, 0.3073398437500097], "transform": [[0.9920521594271512, -0.004683578248416901, -0.12574011718905323, 0.031188433440310782], [-0.004763438711495132, -0.9999885988296926, -0.0003344581732078322, -0.003424368312205105], [-0.1257371171435377, 0.000930755294775161, -0.9920631588094647, 0.14580266468819433], [0.0, 0.0, 0.0, 1.0]]}}}, "link_1": {"collision": {"axis_aligned": {"extent": [0.05834914517127565, 0.3587477984304428, 0.19311560599421007], "transform": [[1.0, 0.0, 0.0, 0.024365657729215617], [0.0, 1.0, 0.0, -0.0030324263081989433], [0.0, 0.0, 1.0, 0.09187295953921595], [0.0, 0.0, 0.0, 1.0]]}, "oriented": {"extent": [0.03606926979428377, 0.1930410670214926, 0.35864062499998944], "transform": [[0.992052795518119, -0.12573509851858447, 0.004683578248194639, 0.02439040202917765], [-0.00476343701920328, -0.0003344822706565471, 0.9999885988296938, -0.003094132197603205], [-0.12573209841742555, -0.9920637948852546, -0.0009307552945526724, 0.09024415593154995], [0.0, 0.0, 0.0, 1.0]]}}, "visual": {"axis_aligned": {"extent": [0.06000496002335698, 0.35874779377871846, 0.19311451439517135], "transform": [[1.0, 0.0, 0.0, 0.023521512730314442], [0.0, 1.0, 0.0, -0.003016731016590335], [0.0, 0.0, 1.0, 0.09186951978318927], [0.0, 0.0, 0.0, 1.0]]}, "oriented": {"extent": [0.03606835938023327, 0.19304003906005637, 0.3586406249999894], "transform": [[-0.99205215942715, 0.12574011718903944, 0.004683578249056382, 0.02437432359830364], [0.004763438712153627, 0.0003344581733175963, 0.9999885988296895, -0.0030784349228564077], [0.12573711714352273, 0.9920631588094667, -0.0009307552949667857, 0.09024070839722224], [0.0, 0.0, 0.0, 1.0]]}}}, "link_2": {"collision": {"axis_aligned": {"extent": [0.07363226261471656, 0.1982566115036093, 0.3063588014322889], "transform": [[1.0, 0.0, 0.0, 0.030117294154413138], [0.0, 1.0, 0.0, 0.0016575979905894545], [0.0, 0.0, 1.0, 0.1482605995693646], [0.0, 0.0, 0.0, 1.0]]}, "oriented": {"extent": [0.0360693359400011, 0.1981250000000166, 0.30734082030999926], "transform": [[0.9920521594271303, -0.004683578249752381, -0.1257401171891685, 0.030967068014618307], [-0.004763438712835648, -0.9999885988296864, -0.0003344581731624194, 0.0016037041693218658], [-0.12573711714365188, 0.0009307552948992078, -0.9920631588094503, 0.14663178818339764], [0.0, 0.0, 0.0, 1.0]]}}, "visual": {"axis_aligned": {"extent": [0.07363124420440226, 0.19827223200036315, 0.3063577098332537], "transform": [[1.0, 0.0, 0.0, 0.030101638967619998], [0.0, 1.0, 0.0, 0.0016654807079589662], [0.0, 0.0, 1.0, 0.14825717435638736], [0.0, 0.0, 0.0, 1.0]]}, "oriented": {"extent": [0.03606835938072518, 0.19812499999999655, 0.3073398437500316],