{"meta_links": {"base_link": {}, "bottom_left_drawer": {}, "bottom_right_drawer": {}, "left_left_leaf": {}, "left_right_leaf": {}, "middle_left_drawer": {}, "middle_right_drawer": {}, "right_left_leaf": {}, "right_right_leaf": {}, "top_left_drawer": {}, "top_right_drawer": {}}, "link_tags": {"base_link": [], "bottom_left_drawer": [], "bottom_right_drawer": [], "left_left_leaf": [], "left_right_leaf": [], "middle_left_drawer": [], "middle_right_drawer": [], "right_left_leaf": [], "right_right_leaf": [], "top_left_drawer": [], "top_right_drawer": []}, "object_parts": [], "base_link_offset": [0.06220243293992201, 4.340213938869823e-08, -0.039379541529689754], "bbox_size": [0.692756591796875, 2.3537196044921878, 0.8122904357910157], "orientations": [], "link_bounding_boxes": {"base_link": {"collision": {"axis_aligned": {"extent": [0.685800201497349, 2.3537197201070055, 0.8122904663100001], "transform": [[1.0, 0.0, 0.0, 0.05872361237627821], [0.0, 1.0, 0.0, 4.3232963653494494e-08], [0.0, 0.0, 1.0, -0.03937952627285382], [0.0, 0.0, 0.0, 1.0]]}, "oriented": {"extent": [0.685799316410086, 0.8122904663100001, 2.353719486130353], "transform": [[0.9999999999999294, 0.0, 3.760377768905106e-07, 0.058723612376343944], [3.760377768905106e-07, -0.0, -0.9999999999999294, 5.147747649477664e-08], [0.0, 1.0, 0.0, -0.03937952627285379], [0.0, 0.0, 0.0, 1.0]]}}, "visual": {"axis_aligned": {"extent": [0.685799713217472, 2.353719842177088, 0.81229046211], "transform": [[1.0, 0.0, 0.0, 0.0587238565162993], [0.0, 1.0, 0.0, 1.0426800478580134e-07], [0.0, 0.0, 1.0, -0.039379524172853814], [0.0, 0.0, 0.0, 1.0]]}, "oriented": {"extent": [0.6857993164099998, 0.81229046211, 2.3537197265600005], "transform": [[0.9999999999999858, 0.0, 1.6858739699271704e-07, 0.05872385651629932], [1.6858739699271704e-07, -0.0, -0.9999999999999858, 1.042680047147677e-07], [0.0, 1.0, 0.0, -0.03937952417285384], [0.0, 0.0, 0.0, 1.0]]}}}, "bottom_left_drawer": {"collision": {"axis_aligned": {"extent": [0.6633197947583778, 0.3660485838614962, 0.3080064087], "transform": [[1.0, 0.0, 0.0, -0.02167760530814178], [0.0, 1.0, 0.0, 0.0006291056875098455], [0.0, 0.0, 1.0, 0.06770189505909663], [0.0, 0.0, 0.0, 1.0]]}, "oriented": {"extent": [0.30834297688068646, 0.36604839479725015, 0.661828657494925], "transform": [[-0.021411099703425005, -1.612337107406848e-07, 0.9997707561283556, -0.022983708029456353], [6.109184110654076e-07, 0.9999999999997984, 1.743541153630771e-07, 0.0006290553275021243], [-0.9997707561281821, 6.145114751113374e-07, -0.02141109970332218, 0.0740608459499237], [0.0, 0.0, 0.0, 1.0]]}}, "visual": {"axis_aligned": {"extent": [0.6633197947583778, 0.3660487059214963, 0.3080064087], "transform": [[1.0, 0.0, 0.0, -0.02167760530803875], [0.0, 1.0, 0.0, 0.0006285563675098027], [0.0, 0.0, 1.0, 0.06770189505909663], [0.0, 0.0, 0.0, 1.0]]}, "oriented": {"extent": [0.30834299042982205, 0.3660860781454419, 0.6626546605396962], "transform": [[0.021411973851153274, -0.005122605102243128, 0.9997576137708399, -0.023419181135845273], [3.996943684918177e-05, -0.9999868681689646, -0.0051246357987422, 0.0021062487485360454], [0.9997707366082693, 0.00014968831652745427, -0.021411487925089394, 0.07406294581769554], [0.0, 0.0, 0.0, 1.0]]}}}, "bottom_right_drawer": {"collision": {"axis_aligned": {"extent": [0.6633193064783773, 0.36604858385141403, 0.3080064087], "transform": [[1.0, 0.0, 0.0, -0.021677873989056184], [0.0, 1.0, 0.0, 0.0006296003980128528], [0.0, 0.0, 1.0, 0.06770189430012302], [0.0, 0.0, 0.0, 1.0]]}, "oriented": {"extent": [0.3083429768912234, 0.36604839589491756, 0.6618284219555159], "transform": [[-0.021411100370777758, -1.6073738020030484e-06, 0.9997707561127848, -0.022984095854118314], [5.799384456358096e-07, 0.9999999999985193, 1.620162334580547e-06, 0.0006291337840968594], [-0.9997707561139085, 6.14494956654844e-07, -0.021411100369813876, 0.0740608474989415], [0.0, 0.0, 0.0, 1.0]]}}, "visual": {"axis_aligned": {"extent": [0.6633197947583778, 0.3660487059314963, 0.3080064087], "transform": [[1.0, 0.0, 0.0, -0.021677629848871227], [0.0, 1.0, 0.0, 0.0006285627980538999], [0.0, 0.0, 1.0, 0.06770189430012302], [0.0, 0.0, 0.0, 1.0]]}, "oriented": {"extent": [0.3083429904298224, 0.3660860781554422, 0.6626546605396992], "transform": [[0.021411973851153947, -0.005122605102267551, 0.9997576137708399, -0.02341920567665374], [3.996943684998732e-05, -0.9999868681689644, -0.005124635798766646, 0.0021062551790870785], [0.9997707366082693, 0.00014968831652878642, -0.021411487925090057, 0.07406294505872144], [0.0, 0.0, 0.0, 1.0]]}}}, "left_left_leaf": {"collision": {"axis_aligned": {"extent": [0.07281245530227753, 0.36411059922497646, 0.6402598876900001], "transform": [[1.0, 0.0, 0.0, -0.008713311932978307], [0.0, 1.0, 0.0, 0.18091571058916434], [0.0, 0.0, 1.0, -0.0018112414761822238], [0.0, 0.0, 0.0, 1.0]]}, "oriented": {"extent": [0.05729325557715406, 0.36609782982927674, 0.6402589731287383], "transform": [[0.9983121550701004, -0.05807615488052439, -3.5687325412803284e-05, -0.006194718619282541], [-0.05807615491246461, -0.9983121557061014, 1.4151240582210174e-07, 0.17995492620919942], [-3.563530926063882e-05, 1.9313090842600806e-06, -0.9999999993631974, -0.0018114534225232325], [0.0, 0.0, 0.0, 1.0]]}}, "visual": {"axis_aligned": {"extent": [0.07281245530227665, 0.364110599224976, 0.6402598876900001], "transform": [[1.0, 0.0, 0.0, -0.00871331193289615], [0.0, 1.0, 0.0, 0.18091522230916413], [0.0, 0.0, 1.0, -0.0018112414761822238], [0.0, 0.0, 0.0, 1.0]]}, "oriented": {"extent": [0.0575095401875504, 0.3663986385323935, 0.6423717450542965], "transform": [[0.9984778684043054, 0.05406559041522624, 0.010902212612451596, -0.00883366227590539], [-0.05401118079413513, 0.9985266601630092, -0.0052250639163249225, 0.18117497994997908], [-0.011168646113891732, 0.0046282693049811375, 0.9999269175630904, -0.0018490173295260717], [0.0, 0.0, 0.0, 1.0]]}}}, "left_right_leaf": {"collision": {"axis_aligned": {"extent": [0.0741670380436723, 0.362982303866217, 0.6398176574700001], "transform": [[1.0, 0.0, 0.0, -0.009018401230255213], [0.0, 1.0, 0.0, -0.1814903488759727], [0.0, 0.0, 1.0, -0.0019159154796725975], [0.0, 0.0, 0.0, 1.0]]}, "oriented": {"extent": [0.05760070970349518, 0.3649977546563871, 0.6398168033919007], "transform": [[-0.9981098322423061, -0.06145534791090092, 5.472098007342651e-05, -0.006418045195879795], [-0.06145534799885444, 0.9981098337369161, 7.427663269363478e-08, -0.18051741780636785], [-5.462211301931268e-05, -3.288760635853439e-06, -0.9999999985028043, -0.0019158535367394115], [0.0, 0.0, 0.0, 1.0]]}}, "visual": {"axis_aligned": {"extent": [0.07416703805367408, 0.362982303856217, 0.6398176574700001], "transform": [[1.0, 0.0, 0.0, -0.009018401235173501], [0.0, 1.0, 0.0, -0.1814908371609727], [0.0, 0.0, 1.0, -0.0019159154796725975], [0.0, 0.0, 0.0, 1.0]]}, "oriented": {"extent": [0.05760070970349518, 0.36499775465700157, 0.6398168033919008], "transform": [[-0.9981098322423061, -0.06145534791090092, 5.472098007342652e-05, -0.006418045195816077], [-0.06145534799885444, 0.9981098337369161, 7.427663269358616e-08, -0.18051790608606122], [-5.462211301931267e-05, -3.2887606358534875e-06, -0.9999999985028043, -0.0019158535367393716], [0.0, 0.0, 0.0, 1.0]]}}}, "middle_left_drawer": {"collision": {"axis_aligned": {"extent": [0.661544402143666, 0.36975097655999467, 0.17156314087000002], "transform": [[1.0, 0.0, 0.0, 0.012114878012998265], [0.0, 1.0, 0.0, -0.00010919255587571453], [0.0, 0.0, 1.0, 0.030321671327492583], [0.0, 0.0, 0.0, 1.0]]}, "oriented": {"extent": [0.17156311036308705, 0.3697509764967437, 0.6615430843873853], "transform": [[1.9936214229520127e-05, -1.8329600289269512e-05, -0.9999999996332867, 0.012115896117033252], [1.6508744136066384e-07, -0.999999999831999, 1.8329603584130434e-05, -0.00011524124297885709], [-0.9999999998012601, -1.6545286420391948e-07, -1.9936211200184017e-05, 0.03032825034114242], [0.0, 0.0, 0.0, 1.0]]}},