{"meta_links": {"base_link": {}, "link_0": {}, "link_1": {}, "link_2": {}, "link_3": {}}, "link_tags": {"base_link": ["openablebothsides"], "link_0": ["openable"], "link_1": ["openable"], "link_2": ["openable"], "link_3": ["openable"]}, "object_parts": [], "base_link_offset": [-3.210195923377593e-05, -1.2025747841924884e-05, 0.038658591466669646], "bbox_size": [0.04224074935913086, 1.5240006713867187, 0.8382073059082031], "orientations": [], "link_bounding_boxes": {"base_link": {"collision": {"axis_aligned": {"extent": [0.05446058990719577, 1.5407728371767178, 0.8549964693698173], "transform": [[1.0, 0.0, 0.0, -0.021862005507939354], [0.0, 1.0, 0.0, -0.00011163965299942902], [0.0, 0.0, 1.0, 0.03863752893324085], [0.0, 0.0, 0.0, 1.0]]}, "oriented": {"extent": [0.054091419666925745, 0.8549957391356099, 1.540770408748356], "transform": [[0.9999999578417248, 0.0001340339800249008, 0.00025758773434051693, -0.02180205107391391], [0.00025758796227646753, -1.683323327549262e-06, -0.9999999668228037, -0.00011165308783101001], [-0.00013403354197458696, 0.9999999910160292, -1.7178487963736725e-06, 0.03863759165622498], [0.0, 0.0, 0.0, 1.0]]}}, "visual": {"axis_aligned": {"extent": [0.03824565675816709, 1.5240025258821674, 0.8382073453844721], "transform": [[1.0, 0.0, 0.0, -6.571785273974673e-06], [0.0, 1.0, 0.0, -1.1324217823016625e-05], [0.0, 0.0, 1.0, 0.03865859466862612], [0.0, 0.0, 0.0, 1.0]]}, "oriented": {"extent": [0.03810053418412898, 0.8381993074094765, 1.5240017082351511], "transform": [[-0.9999999850774564, 0.00017275718073837758, -2.0879258082553538e-07, -6.571785273981686e-06], [2.0895946446796204e-07, 9.659831424005996e-07, -0.9999999999995118, -1.1324217823174283e-05], [-0.0001727571805366031, -0.9999999850770116, -9.660192272336442e-07, 0.038658594668791124], [0.0, 0.0, 0.0, 1.0]]}}}, "link_0": {"collision": {"axis_aligned": {"extent": [0.02807191939673856, 0.3859928533451722, 0.8057839877530347], "transform": [[1.0, 0.0, 0.0, -0.02323701934479388], [0.0, 1.0, 0.0, 0.004220883031472056], [0.0, 0.0, 1.0, 0.00035267344770145703], [0.0, 0.0, 0.0, 1.0]]}, "oriented": {"extent": [0.028085129106650248, 0.3859843750000077, 0.8057812696338735], "transform": [[0.9999999776381866, -0.00017213520925050109, -0.00012285396258725215, -0.02325989984613006], [0.00017212014309602353, 0.9999999776676926, -0.00012263470304446216, 0.0041733011324346335], [0.0001228750695939096, 0.0001226135546605074, 0.9999999849338166, 0.00032866927164586316], [0.0, 0.0, 0.0, 1.0]]}}, "visual": {"axis_aligned": {"extent": [0.02102445189412834, 0.38100454211873114, 0.8001034859606426], "transform": [[1.0, 0.0, 0.0, -0.0008135345005949868], [0.0, 1.0, 0.0, 0.001824040452852671], [0.0, 0.0, 1.0, 0.0003458212201186972], [0.0, 0.0, 0.0, 1.0]]}, "oriented": {"extent": [0.021020258484324823, 0.3810078153151659, 0.8001018426981164], "transform": [[-0.9999999702654941, 0.00017211321743972754, -0.0001727600969635133, -0.0008477630756634058], [-0.0001721139618382329, -0.9999999851791727, 4.293998759024808e-06, 0.0018255944169658315], [-0.00017275935534912364, 4.323733056080824e-06, 0.9999999850677552, 0.00034565675615131757], [0.0, 0.0, 0.0, 1.0]]}}}, "link_1": {"collision": {"axis_aligned": {"extent": [0.028434625310080286, 0.3889239545956684, 0.8058367105923461], "transform": [[1.0, 0.0, 0.0, -0.02164348049558032], [0.0, 1.0, 0.0, 0.00274533110905395], [0.0, 0.0, 1.0, 0.0003265749243833438], [0.0, 0.0, 0.0, 1.0]]}, "oriented": {"extent": [0.028174225910152745, 0.38880566272668604, 0.8057928556491762], "transform": [[-0.9999999062535287, -0.00041522228915093456, 0.00012281442980376369, -0.021643480495578776], [-0.00041520603659592697, 0.9999999050463343, 0.00013233015253919932, 0.0027453311027178487], [-0.00012286936457094443, 0.0001322791468410789, -0.9999999837026732, 0.00032829408352307287], [0.0, 0.0, 0.0, 1.0]]}}, "visual": {"axis_aligned": {"extent": [0.02103615897976542, 0.3810045422677746, 0.8001034553347632], "transform": [[1.0, 0.0, 0.0, 0.0008195722382517015], [0.0, 1.0, 0.0, 0.001821537298248188], [0.0, 0.0, 1.0, 0.0003474252159157143], [0.0, 0.0, 0.0, 1.0]]}, "oriented": {"extent": [0.020957821871638686, 0.38100781531656136, 0.8001015558752431], "transform": [[0.9999999702654935, -0.00017211490838047247, -0.00017275841637128146, 0.0008167282918287317], [0.00017211396588731197, 0.9999999851734286, -5.470407927163829e-06, 0.0018195074131644399], [0.00017275935534862564, 5.440673628321875e-06, 0.999999985062302, 0.00034759960033909043], [0.0, 0.0, 0.0, 1.0]]}}}, "link_2": {"collision": {"axis_aligned": {"extent": [0.028434625310080286, 0.38892395459568263, 0.80583327227404], "transform": [[1.0, 0.0, 0.0, -0.02184771799368798], [0.0, 1.0, 0.0, -0.0008833693718415248], [0.0, 0.0, 1.0, 0.00031922392484648454], [0.0, 0.0, 0.0, 1.0]]}, "oriented": {"extent": [0.02817422591015276, 0.38880566265095423, 0.8057928556857228], "transform": [[-0.9999999062535287, 0.00041522228916246354, -0.00012281442976473414, -0.021847717993686448], [-0.0004152060365959118, -0.9999999050463219, -0.00013233024653587033, -0.0008833693781754763], [-0.0001228693645709444, -0.00013227924083775727, 0.9999999837026607, 0.00031922392483324497], [0.0, 0.0, 0.0, 1.0]]}}, "visual": {"axis_aligned": {"extent": [0.021036296536890292, 0.3810045422677746, 0.8001034858547629], "transform": [[1.0, 0.0, 0.0, 0.0008197948803409169], [0.0, 1.0, 0.0, -0.001822753897194218], [0.0, 0.0, 1.0, 0.00034568703762274944], [0.0, 0.0, 0.0, 1.0]]}, "oriented": {"extent": [0.020955197506564254, 0.3810045350824842, 0.8000998700898191], "transform": [[-0.999999985077016, 3.770438344036064e-07, 0.0001727594438368909, 0.0008484286138083211], [3.771966657007881e-07, 0.9999999999995376, 8.846154228223386e-07, -0.0018231081468913588], [-0.00017275944350327225, 8.846805739074205e-07, -0.9999999850766959, 0.0003458514443544609], [0.0, 0.0, 0.0, 1.0]]}}}, "link_3": {"collision": {"axis_aligned": {"extent": [0.02822170547246214, 0.3859928533451722, 0.8057839867951175], "transform": [[1.0, 0.0, 0.0, -0.02357789067375246], [0.0, 1.0, 0.0, 0.0005627757573662961], [0.0, 0.0, 1.0, 0.00035252635909110985], [0.0, 0.0, 0.0, 1.0]]}, "oriented": {"extent": [0.028172833853222563, 0.38598434718286656, 0.8057812696717467], "transform": [[0.9999999776381879, -0.00017213639185847726, -0.00012285229363459546, -0.02356972961128931], [0.00017212013457419575, 0.9999999764316803, -0.00013233026224465465, 0.000511294207679563], [0.00012287506959304982, 0.00013230911393219706, 0.9999999836980076, 0.0003266456293200466], [0.0, 0.0, 0.0, 1.0]]}}, "visual": {"axis_aligned": {"extent": [0.021024312995918858, 0.3810067229776877, 0.8001035174383277], "transform": [[1.0, 0.0, 0.0, -0.0008136476754150822], [0.0, 1.0, 0.0, -0.0018205847105079442], [0.0, 0.0, 1.0, 0.00034734116592263775], [0.0, 0.0, 0.0, 1.0]]}, "oriented": {"extent": [0.020955433106990606, 0.38100757317711703, 0.8000998645911557], "transform": [[0.999999984989514, -3.495078196073989e-07, 0.0001732652585796814, -0.0008481847299138272], [-3.49690496685091e-07, -0.9999999999993832, 1.054289998900852e-06, -0.0018205843775083016], [0.0001732652582110919, -1.0543505722897779e-06, -0.9999999849890191, 0.0003471609186980482], [0.0, 0.0, 0.0, 1.0]]}}}}, "openable_joint_ids": [[0, "j_link_0"], [1, "j_link_1"], [2, "j_link_2"], [3, "j_link_3"]]}