{"meta_links": {"base_link": {}}, "link_tags": {"base_link": []}, "object_parts": [], "base_link_offset": [-2.5012241167132974e-12, -4.882812500994753e-07, -1.032382375421026e-07], "bbox_size": [2.07944921875, 1.2425888671875, 0.2776190795898438], "orientations": [], "link_bounding_boxes": {"base_link": {"collision": {"axis_aligned": {"extent": [2.079449219039315, 1.2425898442341587, 0.27761907959000004], "transform": [[1.0, 0.0, 0.0, -2.502886786714953e-12], [0.0, 1.0, 0.0, -8.881784197001252e-16], [0.0, 0.0, 1.0, -1.0323831567404795e-07], [0.0, 0.0, 0.0, 1.0]]}, "oriented": {"extent": [0.27761907959000004, 1.2425898437500003, 2.0794492187500015], "transform": [[-0.0, -2.3283101268724047e-10, -1.0, -2.5028867867151597e-12], [-0.0, -1.0, 2.3283101268724047e-10, -8.8817783695046e-16], [-1.0, -0.0, -0.0, -1.0323831567404795e-07], [0.0, 0.0, 0.0, 1.0]]}}, "visual": {"axis_aligned": {"extent": [2.079449219039315, 1.2425898442341587, 0.27761907959000004], "transform": [[1.0, 0.0, 0.0, -2.502886786714953e-12], [0.0, 1.0, 0.0, -8.881784197001252e-16], [0.0, 0.0, 1.0, -1.0323831567404795e-07], [0.0, 0.0, 0.0, 1.0]]}, "oriented": {"extent": [0.27761907959000004, 1.2425898437500003, 2.0794492187500015], "transform": [[-0.0, -2.3283101268724047e-10, -1.0, -2.5028867867151597e-12], [-0.0, -1.0, 2.3283101268724047e-10, -8.8817783695046e-16], [-1.0, -0.0, -0.0, -1.0323831567404795e-07], [0.0, 0.0, 0.0, 1.0]]}}}}}