{"meta_links": {"base_link": {"lights": {"0": [{"type": 2, "length": 0.05, "width": 0.01, "color": [255.0, 227.0, 168.0], "intensity": 15000.0, "position": [0.00036827317414725024, 5.419779151280843e-05, -0.07049946230580996], "orientation": [0.0, -0.0, 7.779965310872328e-09, 1.0]}]}}}, "link_tags": {"base_link": []}, "object_parts": [], "base_link_offset": [9.253196664452358e-05, -3.50245620273293e-06, 0.32086906796762765], "bbox_size": [0.5303665161132812, 0.5303350830078125, 0.9864981918334961], "orientations": [], "link_bounding_boxes": {"base_link": {"collision": {"axis_aligned": {"extent": [0.5400085180569958, 0.5402912603365309, 0.9946661376899999], "transform": [[1.0, 0.0, 0.0, 0.00011133334984636534], [0.0, 1.0, 0.0, 0.0001315087157305328], [0.0, 0.0, 1.0, 0.32226439267418994], [0.0, 0.0, 0.0, 1.0]]}, "oriented": {"extent": [0.5393709587948811, 0.539490730922696, 0.994645564675209], "transform": [[0.8952204449287829, 0.4456235143572595, -0.0001960443750745714, 0.00020944080038542702], [0.4456235571108886, -0.8952203754718255, 0.0003531117703387244, -0.0001533759636409754], [-1.814801100414133e-05, -0.00040347486792453483, -0.9999999184393371, 0.32225228635897235], [0.0, 0.0, 0.0, 1.0]]}}, "visual": {"axis_aligned": {"extent": [0.5303667383320141, 0.5303351122256386, 0.98649829102], "transform": [[1.0, 0.0, 0.0, 9.25624842236239e-05], [0.0, 1.0, 0.0, -3.3845456344216984e-06], [0.0, 0.0, 1.0, 0.32086906796919], [0.0, 0.0, 0.0, 1.0]]}, "oriented": {"extent": [0.5297995630344912, 0.5298670990388505, 0.9902451477461724], "transform": [[0.991345002346035, -0.13076350893058683, 0.011661520299694897, 0.00582413964789775], [0.13075445944996456, 0.9914135891403191, 0.001538376370713164, 0.0007526016064680396], [-0.011762553187443561, -2.6594368233209994e-07, 0.9999308187782003, 0.31960652608070994], [0.0, 0.0, 0.0, 1.0]]}}}}}