{"meta_links": {"base_link": {}}, "link_tags": {"base_link": []}, "object_parts": [], "base_link_offset": [-0.019923912166074823, 2.8097685326848587e-07, 0.09625872915310588], "bbox_size": [0.5392177734375, 0.3938157958984375, 0.8446227111816407], "orientations": [], "link_bounding_boxes": {"base_link": {"collision": {"axis_aligned": {"extent": [0.5392929702350371, 0.3938177267608385, 0.8446226164211589], "transform": [[1.0, 0.0, 0.0, -0.01995483085246455], [0.0, 1.0, 0.0, -3.82188891467905e-06], [0.0, 0.0, 1.0, 0.09625874088546887], [0.0, 0.0, 0.0, 1.0]]}, "oriented": {"extent": [0.39418784327765155, 0.4626700584524582, 0.8919739582957734], "transform": [[7.809799924767519e-05, 0.9910265836916197, -0.1336648956054643, -0.0010130317360227694], [-0.9999994879608145, -5.746395749186058e-05, -0.0010103345992624072, -0.00021755248583854307], [-0.0010089493601716916, 0.13366490606891077, 0.9910260717593549, 0.10497295922051264], [0.0, 0.0, 0.0, 1.0]]}}, "visual": {"axis_aligned": {"extent": [0.5392178399340722, 0.3938165512398957, 0.844622678192118], "transform": [[1.0, 0.0, 0.0, -0.01992402642797203], [0.0, 1.0, 0.0, -9.724848215597603e-08], [0.0, 0.0, 1.0, 0.09625870993875962], [0.0, 0.0, 0.0, 1.0]]}, "oriented": {"extent": [0.3939151077539934, 0.46269541499678823, 0.8917605206597471], "transform": [[-0.0001556620265648463, -0.991022763693694, 0.1336931472074996, -0.0009984953064447611], [-0.9999999427402919, 0.0001944368393481945, 0.0002769724328918575, -2.790496772124191e-05], [-0.00030048085889699394, -0.1336930964381788, -0.9910227372144521, 0.10500535584634645], [0.0, 0.0, 0.0, 1.0]]}}}}}