{"meta_links": {"base_link": {}}, "link_tags": {"base_link": []}, "object_parts": [], "base_link_offset": [-5.005773573429906e-12, 0.0, 0.0], "bbox_size": [0.105, 0.07, 0.021], "orientations": [], "link_bounding_boxes": {"base_link": {"collision": {"axis_aligned": {"extent": [0.10500000000000043, 0.07, 0.021], "transform": [[1.0, 0.0, 0.0, -5.329070518200751e-15], [0.0, 1.0, 0.0, 0.0], [0.0, 0.0, 1.0, 0.0], [0.0, 0.0, 0.0, 1.0]]}, "oriented": {"extent": [0.021, 0.07, 0.10500000000000043], "transform": [[0.0, 1.2246467991473532e-16, 1.0, -5.329070518200751e-15], [0.0, 1.0, -1.2246467991473532e-16, 6.526229152545077e-31], [-1.0, -0.0, -0.0, -0.0], [0.0, 0.0, 0.0, 1.0]]}}, "visual": {"axis_aligned": {"extent": [0.10500000000000043, 0.07, 0.021], "transform": [[1.0, 0.0, 0.0, -5.329070518200751e-15], [0.0, 1.0, 0.0, 0.0], [0.0, 0.0, 1.0, 0.0], [0.0, 0.0, 0.0, 1.0]]}, "oriented": {"extent": [0.021, 0.07, 0.10500000000000043], "transform": [[0.0, 1.2246467991473532e-16, 1.0, -5.329070518200751e-15], [0.0, 1.0, -1.2246467991473532e-16, 6.526229152545077e-31], [-1.0, -0.0, -0.0, -0.0], [0.0, 0.0, 0.0, 1.0]]}}}}}