{"meta_links": {"base_link": {}}, "link_tags": {"base_link": []}, "object_parts": [], "base_link_offset": [7.734102247525243e-10, -6.221691330652471e-09, -1.1657067593452827e-08], "bbox_size": [0.27788934326171877, 0.2778844146728516, 0.0013928920030593873], "orientations": [], "link_bounding_boxes": {"base_link": {"collision": {"axis_aligned": {"extent": [0.27783349608999997, 0.2778538513777585, 0.0013932060373803958], "transform": [[1.0, 0.0, 0.0, -2.5474443632322874e-06], [0.0, 1.0, 0.0, 1.8113588256735147e-05], [0.0, 0.0, 1.0, -1.3082023967954989e-08], [0.0, 0.0, 0.0, 1.0]]}, "oriented": {"extent": [0.0013931282531938684, 0.2778363250484797, 0.2778439513452881], "transform": [[4.8559577199063384e-08, -0.9999999990554613, 4.34634932315356e-05, -3.460532324924272e-07], [-4.909204156073241e-07, 4.34634932077008e-05, 0.999999999055342, 1.804172029703064e-05], [-0.9999999999998783, -4.858091426935215e-08, -4.909183045747769e-07, 1.2319674181538345e-08], [0.0, 0.0, 0.0, 1.0]]}}, "visual": {"axis_aligned": {"extent": [0.2778894043000002, 0.2778843994498095, 0.0013928920422332475], "transform": [[1.0, 0.0, 0.0, 1.6030636595942838e-08], [0.0, 1.0, 0.0, -2.911128085814063e-08], [0.0, 0.0, 1.0, -1.1661442800498575e-08], [0.0, 0.0, 0.0, 1.0]]}, "oriented": {"extent": [0.0013928919999999997, 0.2778843994200001, 0.2778894043059179], "transform": [[2.3663823628564895e-08, 6.12323399573672e-17, -0.9999999999999999, 1.60306364926778e-08], [-1.1920937887394447e-07, -0.9999999999999929, -2.882182056501159e-15, -2.911128086319779e-08], [-0.9999999999999927, 1.192093788739445e-07, -2.366382362856472e-08, 6.709662870020189e-09], [0.0, 0.0, 0.0, 1.0]]}}}}}