{"meta_links": {"base_link": {"togglebutton": {"1": [{"position": [0.2666553920369166, 0.20466449162090156, 0.2231478829795251], "orientation": [0.0, 0.0, -0.707106843003783, 0.7071067193693068], "type": "sphere", "size": [0.019600000381469727, 0.019600000381469727, 0.019600000381469727]}], "0": [{"position": [0.2666553920369166, -0.1980806255665986, 0.22939446501077493], "orientation": [0.0, 0.0, -0.707106843003783, 0.7071067193693068], "type": "sphere", "size": [0.019600000381469727, 0.019600000381469727, 0.019600000381469727]}]}}, "door": {}, "glass": {}, "rack1": {}, "rack2": {}}, "link_tags": {"base_link": [], "door": [], "glass": [], "rack1": [], "rack2": []}, "object_parts": [], "base_link_offset": [0.01918871723222915, 0.001543870893360833, 0.004904779952181305], "bbox_size": [0.49493463134765625, 0.5920532531738282, 0.5946608276367188], "orientations": [], "link_bounding_boxes": {"base_link": {"collision": {"axis_aligned": {"extent": [0.49493469238000043, 0.5920371093700005, 0.5946552734400001], "transform": [[1.0, 0.0, 0.0, 0.01918865619597898], [0.0, 1.0, 0.0, 0.0015521869334005345], [0.0, 0.0, 1.0, 0.004907648605774972], [0.0, 0.0, 0.0, 1.0]]}, "oriented": {"extent": [0.49492754646302906, 0.5920371443947617, 0.5946583075067501], "transform": [[0.9999999970237925, 8.898346230301957e-07, 7.714676512188857e-05, 0.01917618369165375], [-8.898346256781677e-07, 0.9999999999996041, -1.0892096779463754e-16, 0.00155237177171495], [-7.714676512185802e-05, -6.864775394354974e-11, 0.9999999970241884, 0.004923675094536201], [0.0, 0.0, 0.0, 1.0]]}}, "visual": {"axis_aligned": {"extent": [0.4949345703100001, 0.5920371093700005, 0.5946551513700002], "transform": [[1.0, 0.0, 0.0, 0.019188717230979146], [0.0, 1.0, 0.0, 0.0015521869334005345], [0.0, 0.0, 1.0, 0.004907587570775029], [0.0, 0.0, 0.0, 1.0]]}, "oriented": {"extent": [0.4944444519360359, 0.5920398610919498, 0.5948752587852746], "transform": [[0.9999833978911254, 6.12323335111664e-17, 0.005762286188558736, 0.018270063621496642], [3.139612127575183e-08, 0.9999999999851568, -5.448462479614048e-06, 0.001551936242937677], [-0.005762286188473204, 5.448552937082764e-06, 0.9999833978762824, 0.006109887659590953], [0.0, 0.0, 0.0, 1.0]]}}}, "door": {"collision": {"axis_aligned": {"extent": [0.06566955565999977, 0.5920371093699988, 0.46868402099999995], "transform": [[1.0, 0.0, 0.0, -0.008681426774727247], [0.0, 1.0, 0.0, -0.00024161229636060488], [0.0, 0.0, 1.0, 0.21885832395444554], [0.0, 0.0, 0.0, 1.0]]}, "oriented": {"extent": [0.06470270383944851, 0.4693033864583453, 0.5920371093699988], "transform": [[0.9991887523777546, 0.04027203895739823, -6.123233995736766e-17, -0.015953149112083006], [-5.871671418695697e-17, -6.364861654738848e-17, -1.0, -0.00024161229636061732], [-0.04027203895739823, 0.9991887523777546, -6.123233995736766e-17, 0.2192817276146507], [0.0, 0.0, 0.0, 1.0]]}}, "visual": {"axis_aligned": {"extent": [0.06566967772999988, 0.5920371093799996, 0.4686838378900001], "transform": [[1.0, 0.0, 0.0, -0.008681365739727193], [0.0, 1.0, 0.0, -0.00024161230136104939], [0.0, 0.0, 1.0, 0.21885829343944557], [0.0, 0.0, 0.0, 1.0]]}, "oriented": {"extent": [0.06470914349070914, 0.4693033758419117, 0.5920373667394944], "transform": [[-0.99918880077178, -0.04027083586949211, 1.3806679823808065e-05, -0.015952560975011465], [-1.38301072073975e-05, 3.031576661882002e-07, -0.9999999999043181, -0.00024200183727427394], [0.04027083586145332, -0.9991888008671237, -8.598617223299439e-07, 0.21928166072628827], [0.0, 0.0, 0.0, 1.0]]}}}, "glass": {"collision": {"axis_aligned": {"extent": [0.0029613037100000295, 0.43602050782000035, 0.31915777587000005], "transform": [[1.0, 0.0, 0.0, -1.0323905619280538e-08], [0.0, 1.0, 0.0, 1.7763568394002505e-15], [0.0, 0.0, 1.0, 9.155499375301801e-08], [0.0, 0.0, 0.0, 1.0]]}, "oriented": {"extent": [0.002961061414975699, 0.3191577781521815, 0.4360205086490414], "transform": [[0.9999999999996637, -7.707315790639959e-07, -2.799638953002759e-07, -7.135890578444736e-08], [2.799638953001928e-07, -2.1571578276574e-13, 0.9999999999999609, -1.5314980529960343e-14], [-7.70731579064026e-07, -0.9999999999997029, 6.123233995733437e-17, 9.155504078575713e-08], [0.0, 0.0, 0.0, 1.0]]}}, "visual": {"axis_aligned": {"extent": [0.0029611816400001434, 0.43602050782000035, 0.3191577148399999], "transform": [[1.0, 0.0, 0.0, 5.071109432375209e-08], [0.0, 1.0, 0.0, 1.7763568394002505e-15], [0.0, 0.0, 1.0, -6.2727600891321345e-15], [0.0, 0.0, 0.0, 1.0]]}, "oriented": {"extent": [0.0029610614010445228, 0.31915771710506524, 0.43602050782000035], "transform": [[-0.9999999999997075, -7.649509595866624e-07, -6.123233995736767e-17, -9.408383071939574e-09], [6.123229311761254e-17, 6.123238679708694e-17, -1.0, 1.7763568399763453e-15], [7.649509595866624e-07, -0.9999999999997073, -6.123233995736766e-17, 3.9698730704952155e-14], [0.0, 0.0, 0.0, 1.0]]}}}, "rack1": {"collision": {"axis_aligned": {"extent": [0.2233648681699998, 0.4127138671900017, 0.01288183594000003], "transform": [[1.0, 0.0, 0.0, -0.0008551866412266351], [0.0, 1.0, 0.0, 0.00019513586211150624], [0.0, 0.0, 1.0, 0.0009589192780929956], [0.0, 0.0, 0.0, 1.0]]}, "oriented": {"extent": [0.01288183594000003, 0.2233647741881763, 0.41271394159765107], "transform": [[0.0, 0.9999999999999362, 3.5741562081619266e-07, -0.0008552004973647676], [-0.0, 3.5741562081619266e-07, -0.999999999999936, 0.00019513625390248627], [-1.0, -0.0, -0.0, 0.0009589192780929956], [0.0, 0.0, 0.0, 1.0]]}}, "visual": {"axis_aligned": {"extent": [0.2233646240299998, 0.4127138671899999, 0.012881958010000139], "transform": [[1.0, 0.0, 0.0, -0.0008551866412265241], [0.0, 1.0, 0.0, 0.00019611242211148294], [0.0, 0.0, 1.0, 0.0009589803130930497], [0.0, 0.0, 0.0, 1.0]]}, "oriented": {"extent": [0.012881958010000139, 0.2233646240299998, 0.4127138671899999], "transform": [[0.0, 1.0, -6.123233995736766e-17, -0.0008551866412265241], [-0.0, -6.123233995736766e-17, -1.0, 0.000196112422111483], [-1.0, -0.0, -0.0, 0.0009589803130930497], [0.0, 0.0, 0.0, 1.0]]}}}, "rack2": {"collision": {"axis_aligned": {"extent": [0.2233648681699998, 0.4127138671900017, 0.012881896970000084], "transform": [[1.0, 0.0, 0.0, -0.0008551896830218952], [0.0, 1.0, 0.0, 0.0001950598455922048], [0.0, 0.0, 1.0, 0.000958976004732881], [0.0, 0.0, 0.0, 1.0]]}, "oriented": {"extent": [0.012881896970000084, 0.2233647741881763, 0.41271394159765107], "transform": [[0.0, 0.9999999999999362, 3.5741562081619266e-07, -0.0008552035391600309], [-0.0, 3.5741562081619266e-07, -0.999999999999936, 0.00019506023738318008], [-1.0, -0.0, -0.0, 0.000958976004732881], [0.0, 0.0, 0.0, 1.0]]}}, "visual": {"axis_aligned": {"extent": [0.2233646240299998, 0.4127138671899999, 0.012881896970000084], "transform": [[1.0, 0.0, 0.0, -0.0008551896830217842], [0.0, 1.0, 0.0, 0.0001960364055921815], [0.0, 0.0, 1.0, 0.000958976004732881], [0.0, 0.0, 0.0, 1.0]]}, "oriented": {"extent": [0.012881896970000084, 0.2233646240299998, 0.4127138671899999], "transform": [[0.0, 1.0, -6.123233995736766e-17, -0.0008551896830217842], [-0.0, -6.123233995736766e-17, -1.0, 0.00019603640559218155], [-1.0, -0.0, -0.0, 0.000958976004732881], [0.0, 0.0, 0.0, 1.0]]}}}}}