{"meta_links": {"base_link": {}}, "link_tags": {"base_link": []}, "object_parts": [], "base_link_offset": [3.4368063950296346e-12, 6.103703142912309e-08, -4.5312920082807295e-12], "bbox_size": [1.349999755859375, 0.9649989013671875, 0.3], "orientations": [], "link_bounding_boxes": {"base_link": {"collision": {"axis_aligned": {"extent": [1.3499996337899998, 0.964998046869999, 0.3], "transform": [[1.0, 0.0, 0.0, -6.103500049814414e-08], [0.0, 1.0, 0.0, 2.4414500021663343e-07], [0.0, 0.0, 1.0, -2.7755575615628914e-17], [0.0, 0.0, 0.0, 1.0]]}, "oriented": {"extent": [0.3, 0.964998046869999, 1.3499996337899998], "transform": [[0.0, 1.2246467991473532e-16, 1.0, -6.103500049814412e-08], [0.0, 1.0, -1.2246467991473532e-16, 2.4414500021663343e-07], [-1.0, -0.0, -0.0, -2.7755575615628914e-17], [0.0, 0.0, 0.0, 1.0]]}}, "visual": {"axis_aligned": {"extent": [1.3499997558599999, 0.9649985351599994, 0.3], "transform": [[1.0, 0.0, 0.0, -4.440892098500626e-16], [0.0, 1.0, 0.0, 0.0], [0.0, 0.0, 1.0, -2.7755575615628914e-17], [0.0, 0.0, 0.0, 1.0]]}, "oriented": {"extent": [0.3, 0.9649985351599994, 1.3499997558599999], "transform": [[0.0, 1.2246467991473532e-16, 1.0, -4.440892098500626e-16], [0.0, 1.0, -1.2246467991473532e-16, 5.438524293787564e-32], [-1.0, -0.0, -0.0, -2.7755575615628914e-17], [0.0, 0.0, 0.0, 1.0]]}}}}}