{"meta_links": {"base_link": {}}, "link_tags": {"base_link": []}, "object_parts": [], "base_link_offset": [-3.796378944542767e-08, 1.1306100855534853e-07, 6.250278072883476e-13], "bbox_size": [2.601911865234375, 2.2550001220703124, 0.3], "orientations": [], "link_bounding_boxes": {"base_link": {"collision": {"axis_aligned": {"extent": [2.6019111328200015, 2.2549998779200005, 0.30000000000000004], "transform": [[1.0, 0.0, 0.0, -1.600353520814224e-07], [0.0, 1.0, 0.0, 1.1306085268003585e-07], [0.0, 0.0, 1.0, 2.7755575615628914e-17], [0.0, 0.0, 0.0, 1.0]]}, "oriented": {"extent": [0.30000000000000004, 2.2549996337799905, 2.6019113444089497], "transform": [[0.0, -9.38310292911762e-08, 0.9999999999999957, -1.6003535203189822e-07], [0.0, 0.9999999999999956, 9.38310292911762e-08, 1.1306085254074307e-07], [-1.0, -0.0, -0.0, 2.7755575615628914e-17], [0.0, 0.0, 0.0, 1.0]]}}, "visual": {"axis_aligned": {"extent": [2.601911621100001, 2.255000000000001, 0.30000000000000004], "transform": [[1.0, 0.0, 0.0, 8.410464769070813e-08], [0.0, 1.0, 0.0, 5.203085262639462e-08], [0.0, 0.0, 1.0, 2.7755575615628914e-17], [0.0, 0.0, 0.0, 1.0]]}, "oriented": {"extent": [0.30000000000000004, 2.2549998779299756, 2.601911726894484], "transform": [[0.0, -4.69155147068205e-08, 0.9999999999999989, 8.410464769214465e-08], [0.0, 0.9999999999999989, 4.69155147068205e-08, 5.203085268642692e-08], [-1.0, -0.0, -0.0, 2.7755575615628914e-17], [0.0, 0.0, 0.0, 1.0]]}}}}}