{"meta_links": {"base_link": {}, "link_0": {}}, "link_tags": {"base_link": [], "link_0": ["openable"]}, "object_parts": [], "base_link_offset": [0.03944956241538099, -4.392741192188552e-05, -0.00010709878180478975], "bbox_size": [0.2545819320678711, 0.25415989685058593, 0.9174669189453125], "orientations": [], "link_bounding_boxes": {"base_link": {"collision": {"axis_aligned": {"extent": [0.23226028236511695, 0.2541585229917942, 0.9174669454835418], "transform": [[1.0, 0.0, 0.0, 0.028284790247527933], [0.0, 1.0, 0.0, -4.332958122788e-05], [0.0, 0.0, 1.0, -0.00010708982753948604], [0.0, 0.0, 0.0, 1.0]]}, "oriented": {"extent": [0.2318542022699987, 0.24193359375000223, 0.9144001159600003], "transform": [[0.9999987498077877, 0.0015810445474320545, -2.6095986384002438e-05, 0.02828479024673148], [-0.0015812501418787563, 0.999914362301685, -0.01299106272803034, -4.332917878099905e-05], [5.554302692293082e-06, 0.01299108775098706, 0.9999156122434512, -0.00010710508625174567], [0.0, 0.0, 0.0, 1.0]]}}, "visual": {"axis_aligned": {"extent": [0.2322602442259611, 0.2541585217541993, 0.9174669454833301], "transform": [[1.0, 0.0, 0.0, 0.028288707931435397], [0.0, 1.0, 0.0, -4.3335583935544264e-05], [0.0, 0.0, 1.0, -0.00010708980577939231], [0.0, 0.0, 0.0, 1.0]]}, "oriented": {"extent": [0.2318541493621345, 0.24193360884587173, 0.9143999633799991], "transform": [[0.9999987497048449, -0.0015811096566780852, 2.6095986383813814e-05, 0.028288707931435383], [-0.0015813152456303709, -0.9999143621987286, 0.012991062728025858, -4.333557187052361e-05], [5.553456851125469e-06, -0.012991087751344185, -0.9999156122434512, -0.00010708980577946051], [0.0, 0.0, 0.0, 1.0]]}}}, "link_0": {"collision": {"axis_aligned": {"extent": [0.022096934020517663, 0.252529779453468, 0.9161891812687007], "transform": [[1.0, 0.0, 0.0, 0.008979051114417904], [0.0, 1.0, 0.0, -0.1230390563103054], [0.0, 0.0, 1.0, -0.0016152523861616697], [0.0, 0.0, 0.0, 1.0]]}, "oriented": {"extent": [0.02205990275761618, 0.240675781729444, 0.913139739871103], "transform": [[0.9999987499985233, -0.0015811079603370915, 9.950300266841725e-06, 0.009155331899986673], [-0.0015811037993430786, -0.999914362201411, 0.012991088257761293, -0.12305050717243327], [-1.0590864912756523e-05, -0.012991087751339342, -0.999915612202785, -0.0016153596060353493], [0.0, 0.0, 0.0, 1.0]]}}, "visual": {"axis_aligned": {"extent": [0.022728068318277443, 0.2537918960292558, 0.9174651694564117], "transform": [[1.0, 0.0, 0.0, 0.008667390209858006], [0.0, 1.0, 0.0, -0.1230278134053304], [0.0, 0.0, 1.0, -0.0022450504621742695], [0.0, 0.0, 0.0, 1.0]]}, "oriented": {"extent": [0.022681616878584235, 0.24193359375000245, 0.9143999633799991], "transform": [[-0.9999987497048449, 0.0015811096566782814, 2.6095986404790588e-05, 0.008847342673682972], [0.0015813152456308393, 0.9999143621987286, 0.012991062728025813, -0.12304574362658582], [-5.553456872097967e-06, 0.012991087751344178, -0.9999156122434512, -0.0022452316008827267], [0.0, 0.0, 0.0, 1.0]]}}}}, "openable_joint_ids": [[1, "j_link_0"]]}