{"meta_links": {"base_link": {"heatsource": {"0": [{"position": [0.09923631528486809, 0.20037036527336105, 0.027667853451720806], "orientation": [-1.383366883724492e-16, 3.527891112756237e-16, 0.7071068407911908, 0.7071067215818992]}]}, "togglebutton": {"0": [{"position": [0.24548632067623302, 0.2588703899292647, 0.0290607372837237], "orientation": [-1.383366883724492e-16, 3.527891112756237e-16, 0.7071068407911908, 0.7071067215818992], "type": "sphere", "size": [0.029348440989083655, 0.029348440989083655, 0.029348440989083655]}]}}}, "link_tags": {"base_link": []}, "object_parts": [], "base_link_offset": [0.02097715230575209, -0.002544514606023528, 0.014700493624614574], "bbox_size": [0.5265215759277344, 0.6953249206542969, 0.09158533477783204], "orientations": [], "link_bounding_boxes": {"base_link": {"collision": {"axis_aligned": {"extent": [0.5337344933866418, 0.7002227462308781, 0.0979329910022079], "transform": [[1.0, 0.0, 0.0, 0.01982225651194687], [0.0, 1.0, 0.0, -0.0025456637398590942], [0.0, 0.0, 1.0, 0.015425998614293456], [0.0, 0.0, 0.0, 1.0]]}, "oriented": {"extent": [0.09793299102000047, 0.5337343750000008, 0.700222656250003], "transform": [[3.6322845510065477e-09, 0.9999999999999858, 1.6858739598207393e-07, 0.019822256520839868], [6.735897338774878e-16, 1.6858739598207393e-07, -0.9999999999999858, -0.002545663739859095], [-1.0, 3.6322845510066097e-09, -6.123233995736769e-17, 0.015425999450243888], [0.0, 0.0, 0.0, 1.0]]}}, "visual": {"axis_aligned": {"extent": [0.5265216117533829, 0.6953243073593569, 0.0915853309098289], "transform": [[1.0, 0.0, 0.0, 0.020977163815288274], [0.0, 1.0, 0.0, -0.002545663622939287], [0.0, 0.0, 1.0, 0.01470049469820028], [0.0, 0.0, 0.0, 1.0]]}, "oriented": {"extent": [0.09055672451315382, 0.5306811211446407, 0.6953242187500159], "transform": [[0.06179658100062834, 0.9980887648784574, -1.685876046044227e-07, 0.019851472473936992], [1.0418137624754566e-08, 1.6826539404966438e-07, 0.9999999999999858, -0.0025456637349824136], [0.9980887648784715, -0.061796581000629215, -6.123234032831254e-17, 0.0005159037934438956], [0.0, 0.0, 0.0, 1.0]]}}}}}