{"meta_links": {"base_link": {"attachment": {"hbafebparentM": {"0": {"position": [1.8167918145557833e-06, -4.560885639378771e-06, -0.00140946634763962], "orientation": [0.0, 0.0, 0.0, 1.0]}}}}}, "link_tags": {"base_link": ["connectedpart"]}, "object_parts": [], "base_link_offset": [1.8167918145557833e-06, -4.560885639378771e-06, -0.00140946634763962], "bbox_size": [0.03285932159423828, 0.03285931015014649, 0.007126998901367187], "orientations": [], "link_bounding_boxes": {"base_link": {"collision": {"axis_aligned": {"extent": [0.03286823499245495, 0.03286720191714113, 0.00712679250022899], "transform": [[1.0, 0.0, 0.0, 2.309250552334774e-06], [0.0, 1.0, 0.0, -5.74184559261684e-06], [0.0, 0.0, 1.0, -0.0014094063405866303], [0.0, 0.0, 0.0, 1.0]]}, "oriented": {"extent": [0.007100790138974759, 0.03261520434961494, 0.03261541745740974], "transform": [[0.0003448971177077856, -0.08918504940786288, 0.9960150139471268, -1.3234416957496568e-06], [-0.0009405346301176898, 0.996014603716292, 0.0891853383605611, 1.2728133745651478e-07], [-0.9999994982201681, -0.0009675463788767777, 0.0002596409385597592, -0.0014065354615546437], [0.0, 0.0, 0.0, 1.0]]}}, "visual": {"axis_aligned": {"extent": [0.03285930841795803, 0.03285931211725006, 0.007126980658841403], "transform": [[1.0, 0.0, 0.0, 1.8129256689203288e-06], [0.0, 1.0, 0.0, -4.55989202262537e-06], [0.0, 0.0, 1.0, -0.001409465675568003], [0.0, 0.0, 0.0, 1.0]]}, "oriented": {"extent": [0.007099425358740386, 0.032610912865340465, 0.032610933470316836], "transform": [[0.0003661954734101654, -0.9960942852470908, -0.08829519125616526, 5.240093633499914e-07], [-0.0009255768419706682, -0.08829549697367453, 0.9960938954344021, -1.3023517880926004e-06], [-0.9999995046040698, -0.000283041091315499, -0.0009542952141582927, -0.0014070846955016635], [0.0, 0.0, 0.0, 1.0]]}}}}}