{"meta_links": {"base_link": {}}, "link_tags": {"base_link": []}, "object_parts": [], "base_link_offset": [0.053399716597733855, -0.0002463000214968031, 0.007969944336361012], "bbox_size": [0.39961965942382816, 0.11097396850585937, 0.0349118766784668], "orientations": [], "link_bounding_boxes": {"base_link": {"collision": {"axis_aligned": {"extent": [0.40147838216325016, 0.113514409587395, 0.0385595142085986], "transform": [[1.0, 0.0, 0.0, 0.05349660173634885], [0.0, 1.0, 0.0, -0.0002670616393840586], [0.0, 0.0, 1.0, 0.008419987856330913], [0.0, 0.0, 0.0, 1.0]]}, "oriented": {"extent": [0.03361953361953465, 0.11336731350637527, 0.401808248220213], "transform": [[-0.06303244653629839, 0.05231052937931253, -0.9966396135011415, 0.052295435917336125], [0.03676001671465383, -0.9978260690032115, -0.05469768906211939, 0.00786277440963455], [-0.9973342528233887, -0.04008421801225521, 0.0609724824126338, -0.0016656259302168437], [0.0, 0.0, 0.0, 1.0]]}}, "visual": {"axis_aligned": {"extent": [0.39961975612613587, 0.11097416057824305, 0.03491122484273035], "transform": [[1.0, 0.0, 0.0, 0.05339959316786724], [0.0, 1.0, 0.0, -0.0002463465125422948], [0.0, 0.0, 1.0, 0.007969088792991741], [0.0, 0.0, 0.0, 1.0]]}, "oriented": {"extent": [0.029856015206857742, 0.11094642327665792, 0.39773853839907347], "transform": [[-0.06242020103557876, 0.12906693459759508, -0.9896693614011995, 0.04987626822593234], [0.015869502762356873, -0.9913493185988369, -0.1302869425372222, 0.018614860809134676], [-0.9979237833545973, -0.023838097810060608, 0.05983199568829794, -0.0015672823708415852], [0.0, 0.0, 0.0, 1.0]]}}}}}