{"meta_links": {"base_link": {}, "link_0": {}, "link_1": {}}, "link_tags": {"base_link": [], "link_0": ["openable"], "link_1": ["openable"]}, "object_parts": [], "base_link_offset": [0.03752600694079067, 0.0004522701678605188, -0.0005392244027426597], "bbox_size": [0.22681927490234374, 0.4800739288330078, 0.6241825866699219], "orientations": [], "link_bounding_boxes": {"base_link": {"collision": {"axis_aligned": {"extent": [0.19920205192660323, 0.48695096599183785, 0.6309534904521055], "transform": [[1.0, 0.0, 0.0, 0.02029633201967118], [0.0, 1.0, 0.0, 0.0004435698237870156], [0.0, 0.0, 1.0, -0.0004985020056306466], [0.0, 0.0, 0.0, 1.0]]}, "oriented": {"extent": [0.1989655206471576, 0.48693750025024607, 0.6309429130788895], "transform": [[-0.9999999278792131, -3.0440100593347186e-05, -0.00037856963562177807, 0.020292897162094342], [3.0431852762074402e-05, -0.9999999992994932, 2.1792568505662228e-05, 0.00044632374607938825], [-0.000378570298724565, 2.17810463585536e-05, 0.999999928105055, -0.0005290541901120842], [0.0, 0.0, 0.0, 1.0]]}}, "visual": {"axis_aligned": {"extent": [0.19233180136620456, 0.480060512751578, 0.6241825639756643], "transform": [[1.0, 0.0, 0.0, 0.020282279272931483], [0.0, 1.0, 0.0, 0.00045138083207518775], [0.0, 0.0, 1.0, -0.0005392172012071983], [0.0, 0.0, 0.0, 1.0]]}, "oriented": {"extent": [0.19202413112217792, 0.48004687580318695, 0.6240780093588503], "transform": [[-0.9999998795332169, -2.8780064781972276e-06, 0.0004908413889292612, 0.02028227351690118], [-2.888705197548199e-06, 0.9999999997582953, -2.179598602496382e-05, 0.0004511208160124333], [-0.0004908413260816334, -2.1797401295342867e-05, -0.9999998792998258, -0.0005392607961410556], [0.0, 0.0, 0.0, 1.0]]}}}, "link_0": {"collision": {"axis_aligned": {"extent": [0.03780261811070018, 0.229341108489848, 0.5962598260714589], "transform": [[1.0, 0.0, 0.0, 0.013453723252082037], [0.0, 1.0, 0.0, -0.10753631046879983], [0.0, 0.0, 1.0, 0.003725203064582072], [0.0, 0.0, 0.0, 1.0]]}, "oriented": {"extent": [0.037167041922844035, 0.2293868440987956, 0.5962487939759658], "transform": [[0.9999877853488048, 0.0049174140145283205, 0.00049818932387012, 0.013843787294036989], [0.0049174254159484385, -0.9999879091558939, -2.166339104354077e-05, -0.10747291332773062], [0.0004980767724779501, 2.4112935275928562e-05, -0.9999998756690397, 0.00373158019381741], [0.0, 0.0, 0.0, 1.0]]}}, "visual": {"axis_aligned": {"extent": [0.03479803924669983, 0.22323167130602428, 0.5920826924710383], "transform": [[1.0, 0.0, 0.0, 0.012876546735848884], [0.0, 1.0, 0.0, -0.10849726421534209], [0.0, 0.0, 1.0, 0.003726530484661844], [0.0, 0.0, 0.0, 1.0]]}, "oriented": {"extent": [0.034516235350305124, 0.22321875000003075, 0.5920791626000048], "transform": [[-0.9999998795165881, 2.944931518890267e-06, -0.0004908748682651835, 0.012880689114049793], [-2.955630976028995e-06, -0.9999999997580997, 2.1795985979922847e-05, -0.1084972250345153], [-0.0004908748039587545, 2.179743419883409e-05, 0.9999998792833921, 0.0037310427848398437], [0.0, 0.0, 0.0, 1.0]]}}}, "link_1": {"collision": {"axis_aligned": {"extent": [0.03781824182050669, 0.22934110838318134, 0.5962569956217203], "transform": [[1.0, 0.0, 0.0, 0.013685049982805828], [0.0, 1.0, 0.0, 0.10862050855117225], [0.0, 0.0, 1.0, 0.0037191729171357213], [0.0, 0.0, 0.0, 1.0]]}, "oriented": {"extent": [0.03717664828217335, 0.2293879594313399, 0.596246002936792], "transform": [[-0.9999873815712882, -0.0049995651495509255, 0.0004909648811292338, 0.014083674058341017], [-0.004999576318810341, 0.9999875018085526, -2.152492947309394e-05, 0.10868500783928584], [-0.0004908511296689153, -2.3979274255367113e-05, -0.999999879245074, 0.0037254985735588504], [0.0, 0.0, 0.0, 1.0]]}}, "visual": {"axis_aligned": {"extent": [0.03479805297870758, 0.2232316712961051, 0.5920812101425517], "transform": [[1.0, 0.0, 0.0, 0.013115678425513963], [0.0, 1.0, 0.0, 0.10765955480244152], [0.0, 0.0, 1.0, 0.0037198873065821536], [0.0, 0.0, 0.0, 1.0]]}, "oriented": {"extent": [0.03451623536, 0.2232187500000503, 0.5920764160199999], "transform": [[-0.9999998795165881, 2.944929415104263e-06, -0.000490874868265117, 0.013119813088913876], [-2.9556288722281664e-06, -0.9999999997580995, 2.1795985950239357e-05, 0.10765959400813975], [-0.0004908748039587342, 2.1797434168117905e-05, 0.9999998792833921, 0.0037250317248619124], [0.0, 0.0, 0.0, 1.0]]}}}}, "openable_joint_ids": [[1, "j_link_0"], [2, "j_link_1"]]}