{"meta_links": {"base_link": {}}, "link_tags": {"base_link": []}, "object_parts": [], "base_link_offset": [-0.007828591728843468, 0.00013440983841765067, 0.0009450584534164141], "bbox_size": [0.30434942626953126, 0.20810885620117187, 0.1144610595703125], "orientations": [], "link_bounding_boxes": {"base_link": {"collision": {"axis_aligned": {"extent": [0.3043493999089897, 0.2081088904960504, 0.11446105956999997], "transform": [[1.0, 0.0, 0.0, -0.007828133757101341], [0.0, 1.0, 0.0, 0.0001345099010516826], [0.0, 0.0, 1.0, 0.0009450584563851505], [0.0, 0.0, 0.0, 1.0]]}, "oriented": {"extent": [0.11446105956999998, 0.2082967345348652, 0.30613832101317306], "transform": [[1.8315471179074718e-16, -0.008741928908077047, 0.9999617886094279, -0.007808034452224493], [6.283586647285744e-17, 0.9999617886094279, 0.008741928908077047, -0.001097760027247168], [-1.0, 6.123233995736765e-17, 1.8369701987210297e-16, 0.0009450584563851559], [0.0, 0.0, 0.0, 1.0]]}}, "visual": {"axis_aligned": {"extent": [0.3043493999089897, 0.2081088904960504, 0.11446105956999997], "transform": [[1.0, 0.0, 0.0, -0.007828622037100885], [0.0, 1.0, 0.0, 0.000134509900969082], [0.0, 0.0, 1.0, 0.0009450584563851505], [0.0, 0.0, 0.0, 1.0]]}, "oriented": {"extent": [0.11446105956999998, 0.20810888672000014, 0.304349365240001], "transform": [[1.8369700954909924e-16, -1.6858740219932287e-07, 0.9999999999999858, -0.00782862224487185], [6.123237092637016e-17, 0.9999999999999858, 1.6858740219932287e-07, 0.00013448613426126973], [-1.0, 6.123233995736766e-17, 1.8369701987210297e-16, 0.000945058456385156], [0.0, 0.0, 0.0, 1.0]]}}}}}