{"meta_links": {"base_link": {"attachment": {"myrzacparentF": {"0": {"position": [-0.009168999465779426, 0.008429726371698365, -0.23086786102369516], "orientation": [0.999613306926227, 0.007268878935256013, -0.01786492322623426, -0.02003108916554737]}}}}}, "link_tags": {"base_link": ["glass"]}, "object_parts": [{"category": "lid", "model": "myrzac", "type": "connectedpart", "bb_pos": [-0.009168999465779426, 0.008429726371698365, -0.23086786102369516], "bb_orn": [0.999613306926227, 0.007268878935256013, -0.01786492322623426, -0.02003108916554737], "bb_size": [0.2659571990966797, 0.2659289245605469, 0.08782922363281251]}], "base_link_offset": [-0.0013938607468076203, 0.00139598565511921, -0.024558307815407663], "bbox_size": [0.27552668762207033, 0.2767857666015625, 0.3408242797851563], "orientations": [], "link_bounding_boxes": {"base_link": {"collision": {"axis_aligned": {"extent": [0.27566494445302725, 0.2757465973646145, 0.34028788637665264], "transform": [[1.0, 0.0, 0.0, -0.0013997807712712307], [0.0, 1.0, 0.0, 0.0014142135928247868], [0.0, 0.0, 1.0, -0.024537898984749396], [0.0, 0.0, 0.0, 1.0]]}, "oriented": {"extent": [0.265103051857967, 0.2652655424438697, 0.3278871991479435], "transform": [[-0.6765152272654763, -0.7354709552900722, -0.037544922461626724, -0.0007835724535856038], [-0.7364280187664202, 0.6755684611033983, 0.035791445041397384, 0.0009275014191375888], [-0.0009594027861610856, 0.051862590439495385, -0.9986537694612678, -0.024492963747385642], [0.0, 0.0, 0.0, 1.0]]}}, "visual": {"axis_aligned": {"extent": [0.27552667643414963, 0.2767857489495533, 0.340824226015575], "transform": [[1.0, 0.0, 0.0, -0.0013938665480250356], [0.0, 1.0, 0.0, 0.0013952638616459012], [0.0, 0.0, 1.0, -0.024558273479744902], [0.0, 0.0, 0.0, 1.0]]}, "oriented": {"extent": [0.2651053283071896, 0.2652676836786533, 0.32798735693340486], "transform": [[0.49045567389100525, -0.8707342219451, -0.03570919603941472, -0.0008510114286668013], [-0.8699857725886767, -0.4915986824062763, 0.0381508971021176, 0.001092464014905971], [-0.05077388542748363, 0.012355168557105244, -0.9986337478618086, -0.0244983043049048], [0.0, 0.0, 0.0, 1.0]]}}}}}