{"meta_links": {"base_link": {}, "link_1": {}}, "link_tags": {"base_link": [], "link_1": ["openable"]}, "object_parts": [], "base_link_offset": [0.029192917281208174, 0.0008221972577222801, 0.0022302088311801876], "bbox_size": [0.19375321197509765, 0.5651537475585937, 0.2026541976928711], "orientations": [], "link_bounding_boxes": {"base_link": {"collision": {"axis_aligned": {"extent": [0.1666491889089008, 0.5651442847698434, 0.20265420271579812], "transform": [[1.0, 0.0, 0.0, 0.01564089512539457], [0.0, 1.0, 0.0, 0.000822194077230165], [0.0, 0.0, 1.0, 0.0022310675213182], [0.0, 0.0, 0.0, 1.0]]}, "oriented": {"extent": [0.1614718017599713, 0.2018393859899808, 0.5651406250000046], "transform": [[0.9996539210288542, 0.026306609129053873, -2.208548014052997e-05, 0.015596678134779466], [2.2080594328403385e-05, 4.762086989690666e-07, 0.9999999997561102, 0.0008221932755996031], [0.026306609133155256, -0.9996539212727095, -1.048216711820348e-07, 0.0005495215680949349], [0.0, 0.0, 0.0, 1.0]]}}, "visual": {"axis_aligned": {"extent": [0.1666492497170602, 0.5651442847698434, 0.20265420432129044], "transform": [[1.0, 0.0, 0.0, 0.01564094840964758], [0.0, 1.0, 0.0, 0.0008221940776564907], [0.0, 0.0, 1.0, 0.00223021412978517], [0.0, 0.0, 0.0, 1.0]]}, "oriented": {"extent": [0.16147168510349383, 0.20183936636787053, 0.5651406826773314], "transform": [[-0.9996539125175701, 0.026306932826099003, 2.1762294808804782e-05, 0.015596701011558191], [-2.1756586367972623e-05, 5.032178387610325e-07, -0.9999999997631988, 0.0008221933214318043], [-0.026306932830820664, -0.9996539127543241, 6.930537474137516e-08, 0.0005486314177449813], [0.0, 0.0, 0.0, 1.0]]}}}, "link_1": {"collision": {"axis_aligned": {"extent": [0.03215715580195766, 0.5382345621146953, 0.17498901119778054], "transform": [[1.0, 0.0, 0.0, 0.009590340498924446], [0.0, 1.0, 0.0, 0.26308677600741703], [0.0, 0.0, 1.0, -2.2196034705011802e-05], [0.0, 0.0, 0.0, 1.0]]}, "oriented": {"extent": [0.029129679519667974, 0.1749287261900107, 0.5382343750000402], "transform": [[0.9996539117449891, 0.026306961914536568, -2.2085480889486427e-05, 0.010352055346161982], [2.2080594910110542e-05, 4.762164704616599e-07, 0.9999999997561102, 0.26308702372313353], [0.02630696191863804, -0.9996539119888446, -1.048217118161975e-07, 0.0002714049329746903], [0.0, 0.0, 0.0, 1.0]]}}, "visual": {"axis_aligned": {"extent": [0.03205586130445859, 0.5382345621133311, 0.17498900518617305], "transform": [[1.0, 0.0, 0.0, 0.009539766301167166], [0.0, 1.0, 0.0, 0.2630867760082981], [0.0, 0.0, 1.0, -2.2649024724867572e-05], [0.0, 0.0, 0.0, 1.0]]}, "oriented": {"extent": [0.029024841310766568, 0.17492871857003273, 0.5382343750000436], "transform": [[0.9996539210288542, 0.026306609129053873, -2.2085481659315073e-05, 0.010299696911282996], [2.2080595850208497e-05, 4.762086041887223e-07, 0.9999999997561102, 0.26308702256659655], [0.026306609133155256, -0.9996539212727095, -1.0482180596310998e-07, 0.00026956984641077566], [0.0, 0.0, 0.0, 1.0]]}}}}, "openable_joint_ids": [[1, "j_link_1"]]}