{"meta_links": {"base_link": {}}, "link_tags": {"base_link": ["subpart"]}, "object_parts": [], "base_link_offset": [-0.0005384570431285753, -0.00015731193477135563, 0.00035774461619446384], "bbox_size": [0.013889807224273682, 0.014336361408233644, 0.005798585414886474], "orientations": [], "link_bounding_boxes": {"base_link": {"collision": {"axis_aligned": {"extent": [0.014080994071619557, 0.014504411001977857, 0.005934899355079182], "transform": [[1.0, 0.0, 0.0, -0.0005788569823437228], [0.0, 1.0, 0.0, -0.0001489843815258851], [0.0, 0.0, 1.0, 0.0003463460513071226], [0.0, 0.0, 0.0, 1.0]]}, "oriented": {"extent": [0.005932328569595436, 0.012614824700078894, 0.01580933529898885], "transform": [[0.05180080566491818, 0.9820109911662502, -0.18157943099686222, -0.0010932615000493785], [-0.0195536574892937, -0.18079133353337482, -0.9833270809847635, 0.0001240696869338276], [-0.9984659889106173, 0.054487677027956476, 0.009836769837722926, 1.9118032305627146e-05], [0.0, 0.0, 0.0, 1.0]]}}, "visual": {"axis_aligned": {"extent": [0.01388780253830646, 0.014336733047777273, 0.0057986341949138875], "transform": [[1.0, 0.0, 0.0, -0.0005378261439545895], [0.0, 1.0, 0.0, -0.00015770589574692906], [0.0, 0.0, 1.0, 0.0003577032055677165], [0.0, 0.0, 0.0, 1.0]]}, "oriented": {"extent": [0.005740994823295738, 0.012410156250029551, 0.015768412929055023], "transform": [[-0.07797832396717966, 0.981655942295159, 0.17398560845045002, -0.0010776382118310166], [-0.10152576759946684, -0.181428854900958, 0.9781493184185461, 0.00011253795311439796], [0.991772100587937, 0.05861042199072513, 0.11381089108455526, -8.808534705150697e-05], [0.0, 0.0, 0.0, 1.0]]}}}}}