{"meta_links": {"base_link": {}}, "link_tags": {"base_link": []}, "object_parts": [], "base_link_offset": [9.036772361525891e-06, 5.915274075007915e-06, -8.946210945984766e-13], "bbox_size": [3.5000625, 2.7392822265625, 8.145679686322183e-13], "orientations": [], "link_bounding_boxes": {"base_link": {"collision": {"axis_aligned": {"extent": [3.5000000000000018, 2.7392812500000012, 0.30000001408], "transform": [[1.0, 0.0, 0.0, -2.1785981544120148e-05], [0.0, 1.0, 0.0, 4.938711574808963e-06], [0.0, 0.0, 1.0, -0.15000000704], [0.0, 0.0, 0.0, 1.0]]}, "oriented": {"extent": [0.30000001408, 2.7392812500000012, 3.5000000000000018], "transform": [[0.0, 1.2246467991473532e-16, 1.0, -2.1785981544120148e-05], [0.0, 1.0, -1.2246467991473532e-16, 4.938711574808965e-06], [-1.0, -0.0, -0.0, -0.15000000704], [0.0, 0.0, 0.0, 1.0]]}}, "visual": {"axis_aligned": {"extent": [3.5000625000000003, 2.739282226560002, 0.0], "transform": [[1.0, 0.0, 0.0, 9.464018455140888e-06], [0.0, 1.0, 0.0, 5.426991575241402e-06], [0.0, 0.0, 1.0, 0.0], [0.0, 0.0, 0.0, 1.0]]}, "oriented": {"extent": [0.0, 2.739282226560002, 3.5000625000000003], "transform": [[0.0, 1.2246467991473532e-16, 1.0, 9.464018455140888e-06], [0.0, 1.0, -1.2246467991473532e-16, 5.426991575241401e-06], [-1.0, -0.0, -0.0, -0.0], [0.0, 0.0, 0.0, 1.0]]}}}}}