{"meta_links": {"base_link": {}}, "link_tags": {"base_link": []}, "object_parts": [], "base_link_offset": [-6.10323428462678e-08, -2.1850011133750513e-07, 2.7755575615628914e-17], "bbox_size": [3.8550001220703125, 4.649999755859375, 0.3], "orientations": [], "link_bounding_boxes": {"base_link": {"collision": {"axis_aligned": {"extent": [3.85500012207, 4.65000048829, 0.3], "transform": [[1.0, 0.0, 0.0, -6.103499916587651e-08], [0.0, 1.0, 0.0, -9.642917353502867e-08], [0.0, 0.0, 1.0, 2.7755575615628914e-17], [0.0, 0.0, 0.0, 1.0]]}, "oriented": {"extent": [0.3, 3.85500012207, 4.65000048829], "transform": [[-0.0, -1.0, 1.8369701987210297e-16, -6.103499927689883e-08], [0.0, 1.8369701987210297e-16, 1.0, -9.642917353502865e-08], [-1.0, -0.0, -0.0, 2.7755575615628914e-17], [0.0, 0.0, 0.0, 1.0]]}}, "visual": {"axis_aligned": {"extent": [3.85500012207, 4.650000244150001, 0.3], "transform": [[1.0, 0.0, 0.0, -6.103499916587651e-08], [0.0, 1.0, 0.0, 2.5640825906947384e-08], [0.0, 0.0, 1.0, 2.7755575615628914e-17], [0.0, 0.0, 0.0, 1.0]]}, "oriented": {"extent": [0.3, 3.85500012207, 4.650000244150001], "transform": [[0.0, 1.0, -6.123233995736766e-17, -6.10349988328096e-08], [-0.0, -6.123233995736766e-17, -1.0, 2.5640825906947388e-08], [-1.0, -0.0, -0.0, 2.7755575615628914e-17], [0.0, 0.0, 0.0, 1.0]]}}}}}