{"meta_links": {"base_link": {}, "leaf": {}}, "link_tags": {"base_link": [], "leaf": []}, "object_parts": [], "base_link_offset": [-0.03526280342843344, 8.706488991516937e-06, -0.1540749852551031], "bbox_size": [0.2227764129638672, 0.9987344970703125, 2.0990174560546877], "orientations": [], "link_bounding_boxes": {"base_link": {"collision": {"axis_aligned": {"extent": [0.16411853071769222, 1.0209160086979785, 2.11387499714375], "transform": [[1.0, 0.0, 0.0, -0.0010683647422000675], [0.0, 1.0, 0.0, -0.00866822999504785], [0.0, 0.0, 1.0, -0.1552419411121322], [0.0, 0.0, 0.0, 1.0]]}, "oriented": {"extent": [0.1626038860450082, 1.019964937721992, 2.1138427013716745], "transform": [[0.9999835667616573, -0.005729392848294726, 0.00020065947269801726, 0.0013061974151176185], [-0.005729389166910421, -0.9999835867362734, -1.8916456719675357e-05, -0.008670108659754433], [0.0002007645590330174, 1.7766489651919508e-05, -0.9999999796889718, -0.1552494033406552], [0.0, 0.0, 0.0, 1.0]]}}, "visual": {"axis_aligned": {"extent": [0.15611328979293582, 0.9987345370215442, 2.099017485918103], "transform": [[1.0, 0.0, 0.0, -0.0019305649151712956], [0.0, 1.0, 0.0, 8.759558141335777e-06], [0.0, 0.0, 1.0, -0.1540749027492866], [0.0, 0.0, 0.0, 1.0]]}, "oriented": {"extent": [0.15009414952713335, 0.9979122787925753, 2.098956071527583], "transform": [[0.9999850112697172, 0.005467906894947705, 0.0002814784035852564, -0.00193155826836786], [-0.00546791247133678, 0.9999850506734995, 1.904533069427421e-05, 7.77140081523418e-06], [-0.0002813700575776786, -2.058414450232507e-05, 0.9999999602035909, -0.15407487627568203], [0.0, 0.0, 0.0, 1.0]]}}}, "leaf": {"collision": {"axis_aligned": {"extent": [0.15679085315824892, 0.9473885613220656, 2.0639706923147196], "transform": [[1.0, 0.0, 0.0, 0.017128397341564155], [0.0, 1.0, 0.0, -0.46046026786528904], [0.0, 0.0, 1.0, -0.001505205452184577], [0.0, 0.0, 0.0, 1.0]]}, "oriented": {"extent": [0.15599511719001113, 0.9473535156199997, 2.0639699707100014], "transform": [[-0.999985899018927, 0.005302981987412327, 0.0002830995401201456, 0.018883308005971152], [0.005302982064919276, 0.9999859390916414, -4.768606326726665e-07, -0.46053915199138257], [-0.00028309808826680106, 1.024417875374116e-06, -0.9999999599272107, -0.001502317994598984], [0.0, 0.0, 0.0, 1.0]]}}, "visual": {"axis_aligned": {"extent": [0.15585233015526612, 0.9426122730756304, 2.061161807042917], "transform": [[1.0, 0.0, 0.0, 0.016999097220744136], [0.0, 1.0, 0.0, -0.46253787370527516], [0.0, 0.0, 1.0, -0.00023954713800422578], [0.0, 0.0, 0.0, 1.0]]}, "oriented": {"extent": [0.15986827450506144, 0.9419787379126136, 2.061129446878022], "transform": [[0.9980352415824196, -0.06265432581984694, -0.00030334070246713777, 0.037022754133181006], [-0.06265433442873249, -0.9980352869603974, -1.8951774382192205e-05, -0.4647804202179778], [-0.00030155731438655237, 3.79201485421694e-05, -0.9999999538126233, -0.0002460770624499225], [0.0, 0.0, 0.0, 1.0]]}}}}}